title,from_date,giveaway_year,is_repeat,is_standalone_game,egs_meets_threshold,egs_original_price_usd,egs_publisher,egs_tags,mc_criticScore,hltb_main_story
Firestone Online Idle RPG - Special Offer,2026-04-30,2026,False,False,False,,,,,
Oddsparks: An Automation Adventure,2026-04-30,2026,False,True,True,29.99,Handy Games,"Online Multiplayer, Diverse Characters, RELAXING, Cloud Saves, Achievements, Creative Community, Windows, Indie, Co-op, Playful Visuals, Recommend this Game, Amazing Characters, Amazing Storytelling, Extremely Fun, Single Player, Educational, Strategy, Adventure, Quickly Understand the Controls, Great for Beginners",,79.97
911 Operator,2026-04-23,2026,False,True,True,14.99,Games Operators S.A.,"Great for Quick Sessions, RELAXING, Achievements, Windows, Indie, Simulation, Unique Visuals, Recommend this Game, Amazing Characters, Amazing Storytelling, Extremely Fun, Single Player, Educational, Strategy, Quickly Understand the Controls, Great for Beginners",68.0,6.34
DOOMBLADE,2026-04-23,2026,False,True,True,14.99,Iceberg Interactive,"Action, Great Boss Battles, Single Player, Windows, Controller Support",83.0,10.83
Broken Sword : Reforged,2026-04-16,2026,False,True,True,29.99,Revolution Software,"Puzzle, Cloud Saves, Achievements, Single Player, Windows, Comedy, Adventure, Controller Support, Mac OS",84.0,
The Stone of Madness,2026-04-16,2026,False,True,True,29.99,Tripwire Interactive,"Diverse Characters, Cloud Saves, Achievements, Challenging Combat, Windows, Controller Support, Puzzle, Recommend this Game, Amazing Characters, Amazing Storytelling, Extremely Fun, Single Player, Strategy, Stealth, Quickly Understand the Controls, Challenging Puzzles",73.0,26.27
Dumb Ways to Draw,2026-04-09,2026,False,True,False,,,,,0.0
Prop Sumo,2026-04-09,2026,False,True,True,9.99,Barrel Roll Games GmbH & Co. KG,"Action, Casual, Fighting, Online Multiplayer, Cloud Saves, Achievements, Cross Platform, Windows, Controller Support",,0.0
Dumb Ways to Die 2: The Games,2026-04-02,2026,False,True,False,,,,,8.72
Clone Drone in the Danger Zone,2026-04-02,2026,False,True,True,19.99,Doborog LLC,"Action, Fighting, Online Multiplayer, Great for Quick Sessions, Diverse Characters, Cloud Saves, Achievements, Promotional Content, Challenging Combat, Windows, Indie, Co-op, Recommend this Game, Competitive, Amazing Characters, Amazing Storytelling, Great Boss Battles, Extremely Fun, Cross Platform, Single Player, Quickly Understand the Controls, Great for Beginners",82.0,2.12
TOMAK: Save the Earth Regeneration,2026-04-02,2026,False,True,True,8.99,NETMARBLE MONSTER,"Casual, Simulation, Promotional Content, Single Player, Windows, Retro",,
The Wreck,2026-03-26,2026,False,True,False,,,,,4.48
Havendock,2026-03-26,2026,False,True,True,19.99,Pretty Soon S.A.,"RELAXING, Cloud Saves, Achievements, Easy Combat, Windows, Indie, Casual, Playful Visuals, Simulation, Recommend this Game, Amazing Characters, Amazing Storytelling, Extremely Fun, Single Player, Quickly Understand the Controls, Mac OS, Great for Beginners",,22.02
Hyper Echelon,2026-03-26,2026,False,True,True,12.99,GangoGames LLC,"Space, Great for Quick Sessions, RELAXING, Achievements, Challenging Combat, Windows, Controller Support, Retro, Co-op, Playful Visuals, Recommend this Game, Extremely Fun, Shooter, Single Player, Quickly Understand the Controls, Local Multiplayer, Great for Beginners",,9.83
Potion Permit,2026-03-19,2026,False,True,True,19.99,PQube,"Casual, Simulation, Cloud Saves, RPG, Achievements, Single Player, Windows, Inclusive Character Customization",74.0,20.91
Electrician Simulator,2026-03-19,2026,False,True,True,19.99,Gaming Factory,"Simulation, Cloud Saves, Achievements, Single Player, Windows, First Person, Indie",60.0,7.26
World of Warships — Epic Anniversary Tachibana Pack,2026-03-19,2026,False,False,False,,,,81.0,
Wonder Boy: The Dragon's Trap,2026-03-12,2026,False,True,False,,,,79.0,5.07
Cozy Grove,2026-03-12,2026,False,True,True,14.99,Spry Fox,"Diverse Characters, RELAXING, Kind Community, Cloud Saves, Investigation, Easy Combat, Windows, Controller Support, Indie, Casual, Recommend this Game, Amazing Characters, Amazing Storytelling, Extremely Fun, Single Player, Quickly Understand the Controls, Great for Beginners",71.0,73.2
Isonzo,2026-03-12,2026,False,True,True,29.99,BlackMill Games,"Recommend this Game, Amazing Characters, Amazing Storytelling, Competitive Community, Extremely Fun, Challenging Combat, Quickly Understand the Controls, Realistic Visuals",67.0,12.1
Little Nightmares,2026-03-05,2026,False,True,False,,,,78.0,3.57
Idle Champions of the Forgotten Realms - Raistlin's Renown Pack,2026-03-05,2026,False,False,False,,,,,
Idle Champions of the Forgotten Realms - Dragonlance Pack,2026-03-05,2026,False,False,False,,,,,
Turnip Boy Robs a Bank,2026-03-05,2026,False,True,True,14.99,Graffiti Games,"Great for Quick Sessions, Diverse Characters, RELAXING, Achievements, Windows, Controller Support, Indie, Playful Visuals, Amazing Storytelling, Extremely Fun, Shooter, Single Player, Rogue-Lite, Quickly Understand the Controls, Great for Beginners",82.0,3.97
Boxes: Lost Fragments,2026-02-26,2026,False,True,True,14.99,Snapbreak Games AB,"Casual, Great for Quick Sessions, Puzzle, Achievements, Single Player, Windows, Adventure",84.0,3.79
Boxes: Lost Fragments,2026-02-26,2026,False,True,True,14.99,Snapbreak Games AB,"Casual, Great for Quick Sessions, Puzzle, Achievements, Single Player, Windows, Adventure",84.0,3.79
My Night Job,2026-02-26,2026,False,True,True,9.99,Webcore Games,"Action, Horror, Achievements, Single Player, Windows, Platformer, Mac OS",60.0,0.0
Residual,2026-02-19,2026,False,True,True,19.99,Handy Games,"Cloud Saves, Achievements, Survival, Single Player, Windows, Adventure, Platformer, Mac OS",68.0,3.0
Return to Ash,2026-02-19,2026,False,True,True,5.99,Serenity Forge,"Single Player, Serenity Forge Publisher Sale, Windows, Adventure",,1.16
STALCRAFT: X Edition Starter,2026-02-19,2026,False,False,False,,,,87.0,
The Darkside Detective: A Fumble in the Dark,2026-02-12,2026,False,True,True,14.99,Akupara Games,"Diverse Characters, RELAXING, Exploration, Silly Community, Windows, Controller Support, Recommend this Game, Amazing Characters, Amazing Storytelling, Extremely Fun, Comedy, Adventure, Quickly Understand the Controls, Mac OS, Great for Beginners",84.0,7.85
Nobody Wants to Die,2026-02-12,2026,False,True,True,24.99,Plaion,"Simulation, Narration, Impact the Story, Cloud Saves, RPG, Achievements, Single Player, Windows, Epic Savings, Controller Support",75.0,5.78
The Darkside Detective: A Fumble in the Dark,2026-02-12,2026,False,True,True,14.99,Akupara Games,"Diverse Characters, RELAXING, Exploration, Silly Community, Windows, Controller Support, Recommend this Game, Amazing Characters, Amazing Storytelling, Extremely Fun, Comedy, Adventure, Quickly Understand the Controls, Mac OS, Great for Beginners",84.0,7.85
Botany Manor,2026-02-05,2026,False,True,True,24.99,White Thorn Digital,"Puzzle, Achievements, Single Player, Windows, Adventure, Controller Support, Indie",82.0,3.43
Botany Manor,2026-02-05,2026,False,True,True,24.99,White Thorn Digital,"Puzzle, Achievements, Single Player, Windows, Adventure, Controller Support, Indie",82.0,3.43
Poison Retro Set,2026-02-05,2026,False,False,False,,,,75.0,
Faily Brakes 2,2026-01-29,2026,False,True,False,,,,,0.0
Definitely Not Fried Chicken,2026-01-29,2026,False,True,True,24.99,Silver Lining Interactive,"Playful Visuals, Simulation, Recommend this Game, RELAXING, Amazing Storytelling, Extremely Fun, Achievements, Single Player, Strategy, Windows, Quickly Understand the Controls, Indie",,0.0
The Forest Quartet,2026-01-22,2026,False,True,True,9.99,Bedtime Digital Games ApS,"Puzzle, Achievements, Music, Single Player, Windows, Adventure, Controller Support",71.0,1.29
Rustler (Grand Theft Horse),2026-01-22,2026,False,True,True,24.99,Games Operators S.A.,"Action, Cloud Saves, RPG, Achievements, Single Player, Open World, Windows, Controller Support",97.0,
Dumb Ways to Die,2026-01-15,2026,False,True,False,,,,70.0,0.96
Styx: Master of Shadows,2026-01-15,2026,False,True,True,19.99,Nacon,"Recommend this Game, Amazing Characters, RELAXING, Amazing Storytelling, Extremely Fun, Fantasy, Action-Adventure, Challenging Combat, Single Player, Windows, Stealth, Quickly Understand the Controls",71.0,16.99
Styx: Shards of Darkness,2026-01-15,2026,False,True,True,19.99,Nacon,"RELAXING, Fantasy, Achievements, Challenging Combat, Windows, Recommend this Game, Amazing Characters, Nacon Publisher Sale, Amazing Storytelling, Extremely Fun, Action-Adventure, Single Player, Stealth, Quickly Understand the Controls, Great for Beginners",72.0,12.2
Bouncemasters,2026-01-08,2026,False,True,False,,,,,2.42
Bloons TD 6,2026-01-08,2026,True,True,True,13.99,Ninja Kiwi,"Online Multiplayer, Diverse Characters, RELAXING, Creative Community, Promotional Content, Windows, Co-op, Playful Visuals, Recommend this Game, Amazing Characters, Amazing Storytelling, Extremely Fun, Cross Platform, Single Player, Strategy, Quickly Understand the Controls, Great for Beginners",,36.42
Bloons TD 6,2026-01-08,2026,True,True,True,13.99,Ninja Kiwi,"Online Multiplayer, Diverse Characters, RELAXING, Creative Community, Promotional Content, Windows, Co-op, Playful Visuals, Recommend this Game, Amazing Characters, Amazing Storytelling, Extremely Fun, Cross Platform, Single Player, Strategy, Quickly Understand the Controls, Great for Beginners",,36.42
Bloons TD 6,2026-01-08,2026,True,True,True,13.99,Ninja Kiwi,"Online Multiplayer, Diverse Characters, RELAXING, Creative Community, Promotional Content, Windows, Co-op, Playful Visuals, Recommend this Game, Amazing Characters, Amazing Storytelling, Extremely Fun, Cross Platform, Single Player, Strategy, Quickly Understand the Controls, Great for Beginners",,36.42
Skul: The Hero Slayer,2026-01-01,2026,False,True,True,19.99,NEOWIZ,"Action, Diverse Characters, RELAXING, Achievements, Creative Community, Challenging Combat, Windows, Controller Support, Recommend this Game, Amazing Characters, Amazing Storytelling, Extremely Fun, Single Player, Quickly Understand the Controls, Mac OS, Great for Beginners",80.0,20.49
Total War: THREE KINGDOMS,2026-01-01,2026,False,True,True,39.99,SEGA of Europe,"Action, Online Multiplayer, Diverse Characters, RELAXING, Windows, Co-op, Recommend this Game, Amazing Characters, Amazing Storytelling, Great Boss Battles, Extremely Fun, Single Player, Educational, Strategy, Quickly Understand the Controls",85.0,46.03
Wildgate: Standard Edition,2026-01-01,2026,False,True,True,29.99,"Dreamhaven, Inc.","Action, Co-op, Online Multiplayer, Space, Competitive, Achievements, Cross Platform, Shooter, Single Player, Windows, Controller Support",72.0,
Chivalry 2,2025-12-31,2025,True,True,True,39.99,Tripwire Interactive,"Action, Fighting, Multiplayer, Windows, First Person",82.0,13.29
Chivalry 2,2025-12-31,2025,True,True,True,39.99,Tripwire Interactive,"Action, Fighting, Multiplayer, Windows, First Person",82.0,13.29
Trine (Enchanted Edition),2025-12-30,2025,False,True,True,14.99,Frozenbyte,"Online Multiplayer, RELAXING, Achievements, Windows, Controller Support, Co-op, Puzzle, Amazing Characters, Extremely Fun, Action-Adventure, Platformer, Local Multiplayer, Great for Beginners",80.0,
Trine 2: Complete Story,2025-12-30,2025,False,True,True,19.99,Frozenbyte,"Online Multiplayer, Diverse Characters, Achievements, Windows, Controller Support, Co-op, Puzzle, Recommend this Game, Amazing Characters, Amazing Storytelling, Extremely Fun, Action-Adventure, Quickly Understand the Controls, Platformer, Local Multiplayer, Great for Beginners",84.0,9.08
Trine 3: The Artifacts of Power,2025-12-30,2025,False,True,True,19.99,Frozenbyte,"Co-op, Online Multiplayer, Puzzle, Achievements, Action-Adventure, Single Player, Windows, Controller Support, Platformer, Local Multiplayer",68.0,4.94
Trine 4: The Nightmare Prince,2025-12-30,2025,False,True,True,34.99,Frozenbyte,"Online Multiplayer, Diverse Characters, RELAXING, Achievements, Creative Community, Windows, Controller Support, Beautiful Visuals, Co-op, Puzzle, Recommend this Game, Amazing Characters, Amazing Storytelling, Extremely Fun, Action-Adventure, Cross Platform, Single Player, Quickly Understand the Controls, Platformer, Local Multiplayer, Great for Beginners",80.0,10.22
Viewfinder,2025-12-29,2025,False,True,True,24.99,Thunderful Publishing,"Great for Quick Sessions, RELAXING, Cloud Saves, Achievements, Windows, Controller Support, Indie, Unique Visuals, Puzzle, Recommend this Game, Amazing Storytelling, Extremely Fun, Single Player, Educational, Quickly Understand the Controls, Platformer, Great for Beginners",84.0,4.11
SKALD: Against the Black Priory,2025-12-28,2025,False,True,True,14.99,Raw Fury,"Diverse Characters, RELAXING, Achievements, Windows, Indie, Unique Visuals, Recommend this Game, Amazing Characters, Amazing Storytelling, Extremely Fun, RPG, Single Player, Inclusive Character Customization, Quickly Understand the Controls, Mac OS, Great for Beginners",76.0,16.91
Cassette Beasts,2025-12-27,2025,False,True,True,19.99,Raw Fury,"Online Multiplayer, Diverse Characters, RELAXING, Kind Community, Achievements, Windows, Indie, Recommend this Game, Amazing Characters, Amazing Storytelling, Extremely Fun, RPG, Cross Platform, Single Player, Inclusive Character Customization, Quickly Understand the Controls, Great for Beginners",83.0,19.75
We Were Here Together,2025-12-26,2025,False,True,True,12.99,TMG Studios B.V.,"Co-op, Online Multiplayer, Puzzle, Gift A Game, Cross Platform, Windows, Adventure, Controller Support, Challenging Puzzles, Indie",,6.54
Monument Valley,2025-12-25,2025,True,True,True,7.99,ustwo games,"Casual, Puzzle, Single Player, Windows, Adventure",89.0,1.46
Monument Valley 2,2025-12-25,2025,True,True,True,7.99,ustwo games,"Casual, Puzzle, Achievements, Single Player, Windows, Adventure",83.0,1.55
Disco Elysium: The Final Cut,2025-12-25,2025,False,True,True,39.99,ZA/UM,"Diverse Characters, RELAXING, Cloud Saves, Investigation, Achievements, Creative Community, Windows, Unique Visuals, Recommend this Game, Amazing Characters, Amazing Storytelling, Extremely Fun, RPG, Educational, Single Player, Inclusive Character Customization, Adventure, Quickly Understand the Controls, Mac OS",89.0,23.73
The Callisto Protocol,2025-12-24,2025,True,True,True,59.99,"KRAFTON, Inc.","Horror, Recommend this Game, Amazing Characters, Amazing Storytelling, Extremely Fun, Creative Community, Achievements, Shooter, Single Player, Windows, Controller Support, Quickly Understand the Controls",69.0,10.1
The Callisto Protocol,2025-12-24,2025,True,True,True,59.99,"KRAFTON, Inc.","Horror, Recommend this Game, Amazing Characters, Amazing Storytelling, Extremely Fun, Creative Community, Achievements, Shooter, Single Player, Windows, Controller Support, Quickly Understand the Controls",69.0,10.1
Bloodstained: Ritual of the Night,2025-12-23,2025,False,True,True,39.99,505 Games,"Online Multiplayer, Diverse Characters, RELAXING, Kind Community, Fantasy, Achievements, Windows, Controller Support, Beautiful Visuals, Co-op, Recommend this Game, Amazing Characters, Amazing Storytelling, Extremely Fun, RPG, Action-Adventure, Cross Platform, Single Player, Inclusive Character Customization, Quickly Understand the Controls, Local Multiplayer, Great for Beginners",83.0,14.04
Train Sim World® 6: Spirit of Steam: Liverpool Lime Street - Crewe,2025-12-22,2025,False,False,False,,,,76.0,
Paradise Killer,2025-12-22,2025,False,True,True,19.99,Surprise Attack Pty Ltd DBA Fellow Traveller Games,"Single Player, Windows, Adventure, Controller Support, First Person, Indie, Great for Beginners",81.0,11.57
Sorry We're Closed,2025-12-21,2025,False,True,True,24.99,Akupara Games,"Horror, RPG, Achievements, Survival, Single Player, Windows, Inclusive Character Customization, Controller Support, Great for Beginners",83.0,6.92
Blood West,2025-12-20,2025,False,True,True,24.99,Hyperstrange,"Cloud Saves, Achievements, Challenging Combat, Windows, First Person, Unique Visuals, Recommend this Game, Amazing Characters, Amazing Storytelling, Extremely Fun, Shooter, Single Player, Stealth, Quickly Understand the Controls",80.0,13.56
Eternights,2025-12-19,2025,False,True,True,29.99,Studio Sai,"Action, Diverse Characters, Achievements, Windows, Controller Support, Indie, Recommend this Game, Amazing Storytelling, Great Boss Battles, Extremely Fun, RPG, Single Player, Inclusive Character Customization, Quickly Understand the Controls, Great for Beginners",68.0,11.5
Shotgun King: The Final Checkmate,2025-12-18,2025,False,True,False,,,,75.0,1.51
Jotunnslayer: Hordes of Hel,2025-12-18,2025,False,True,True,14.99,"Grindstone, s.r.o.","Action, Diverse Characters, RELAXING, Cloud Saves, Achievements, Windows, Controller Support, Indie, Recommend this Game, Amazing Characters, Great Boss Battles, Extremely Fun, RPG, Inclusive Character Customization, Quickly Understand the Controls, Great for Beginners",79.0,6.18
Hogwarts Legacy,2025-12-12,2025,False,True,True,59.99,Warner Bros. Games,"Action, Diverse Characters, RELAXING, Cloud Saves, Achievements, Creative Community, Windows, Beautiful Visuals, Recommend this Game, Amazing Characters, Amazing Storytelling, Great Boss Battles, Extremely Fun, RPG, Single Player, Inclusive Character Customization, Adventure, Quickly Understand the Controls, Great for Beginners",84.0,26.69
Dead Cells,2025-12-11,2025,False,True,True,24.99,Motion Twin,"Diverse Characters, RELAXING, Cloud Saves, Creative Community, Challenging Combat, Windows, Indie, Unique Visuals, Recommend this Game, Amazing Characters, Amazing Storytelling, Extremely Fun, Single Player, Rogue-Lite, Quickly Understand the Controls, Metroidvania, Great for Beginners",89.0,14.07
The Darkside Detective,2025-12-04,2025,False,True,True,14.99,Akupara Games,"Diverse Characters, RELAXING, Exploration, Windows, Controller Support, Recommend this Game, Amazing Characters, Amazing Storytelling, Extremely Fun, Comedy, Adventure, Quickly Understand the Controls, Mac OS, Great for Beginners",77.0,3.71
The Darkside Detective,2025-12-04,2025,False,True,True,14.99,Akupara Games,"Diverse Characters, RELAXING, Exploration, Windows, Controller Support, Recommend this Game, Amazing Characters, Amazing Storytelling, Extremely Fun, Comedy, Adventure, Quickly Understand the Controls, Mac OS, Great for Beginners",77.0,3.71
The Darkside Detective,2025-12-04,2025,False,True,True,14.99,Akupara Games,"Diverse Characters, RELAXING, Exploration, Windows, Controller Support, Recommend this Game, Amazing Characters, Amazing Storytelling, Extremely Fun, Comedy, Adventure, Quickly Understand the Controls, Mac OS, Great for Beginners",77.0,3.71
The Darkside Detective,2025-12-04,2025,False,True,True,14.99,Akupara Games,"Diverse Characters, RELAXING, Exploration, Windows, Controller Support, Recommend this Game, Amazing Characters, Amazing Storytelling, Extremely Fun, Comedy, Adventure, Quickly Understand the Controls, Mac OS, Great for Beginners",77.0,3.71
Jackbox Party Pack 4,2025-12-04,2025,False,True,True,24.99,"Jackbox Games, Inc.","Casual, Multiplayer, Trivia, Party, Windows, OSX",74.0,3.76
Universe for Sale,2025-11-27,2025,False,True,True,14.99,Akupara Games,"Exploration, Single Player, Windows, Adventure, Indie",80.0,5.29
Universe for Sale,2025-11-27,2025,False,True,True,14.99,Akupara Games,"Exploration, Single Player, Windows, Adventure, Indie",80.0,5.29
Zoeti,2025-11-20,2025,False,True,True,19.99,Akupara Games,"Turn-Based Strategy, RELAXING, Cloud Saves, Achievements, Windows, Recommend this Game, Extremely Fun, Single Player, Rogue-Lite, Card Game, Quickly Understand the Controls, Mac OS, Great for Beginners",69.0,7.36
Godzilla Voxel Wars,2025-11-20,2025,False,True,True,14.99,"TOHO CO.,LTD.","Turn-Based Strategy, Great for Quick Sessions, Diverse Characters, RELAXING, Cloud Saves, Achievements, Creative Community, Challenging Combat, Windows, Indie, Playful Visuals, Puzzle, Recommend this Game, Amazing Characters, Amazing Storytelling, Extremely Fun, Single Player, Quickly Understand the Controls, Challenging Puzzles, Mac OS, Great for Beginners",,18.73
Zoeti,2025-11-20,2025,False,True,True,19.99,Akupara Games,"Turn-Based Strategy, RELAXING, Cloud Saves, Achievements, Windows, Recommend this Game, Extremely Fun, Single Player, Rogue-Lite, Card Game, Quickly Understand the Controls, Mac OS, Great for Beginners",69.0,7.36
Scourgebringer,2025-11-13,2025,False,True,True,16.99,Dear Villagers,"Action, Great for Quick Sessions, Cloud Saves, Challenging Combat, Rogue-Like, Windows, Indie, Recommend this Game, Amazing Characters, Amazing Storytelling, Great Boss Battles, Extremely Fun, Single Player, Quickly Understand the Controls, Mac OS",76.0,8.13
Scourgebringer,2025-11-13,2025,False,True,True,16.99,Dear Villagers,"Action, Great for Quick Sessions, Cloud Saves, Challenging Combat, Rogue-Like, Windows, Indie, Recommend this Game, Amazing Characters, Amazing Storytelling, Great Boss Battles, Extremely Fun, Single Player, Quickly Understand the Controls, Mac OS",76.0,8.13
Songs of Silence,2025-11-13,2025,False,True,True,29.99,Chimera Entertainment GmbH,"Turn-Based Strategy, Online Multiplayer, Diverse Characters, RELAXING, Cloud Saves, Fantasy, Achievements, Windows, Controller Support, Beautiful Visuals, Indie, Co-op, Recommend this Game, Amazing Characters, Amazing Storytelling, Extremely Fun, Single Player, Quickly Understand the Controls, Great for Beginners",81.0,12.82
Zero Hour,2025-11-13,2025,False,True,True,9.99,AttritoM7 Productions,"Online Multiplayer, Competitive Community, Cloud Saves, Challenging Combat, Windows, First Person, Realistic Visuals, Co-op, Recommend this Game, Competitive, Amazing Storytelling, Extremely Fun, Shooter, Single Player, Quickly Understand the Controls",,14.36
Idle Champions of the Forgotten Realms - Nixie's Champions of Renown Pack,2025-11-06,2025,False,False,False,,,,,
Felix The Reaper,2025-11-06,2025,False,True,True,9.99,Daedalic Entertainment,"Puzzle, Cloud Saves, Achievements, Single Player, Windows, Controller Support, Challenging Puzzles, Indie, Mac OS",67.0,4.89
Idle Champions of the Forgotten Realms - Nixie's Champions of Renown Pack,2025-11-06,2025,False,False,False,,,,,
Bendy and the Ink Machine,2025-10-30,2025,False,True,True,19.99,Joey Drew Studios Inc.,"Horror, Diverse Characters, Cloud Saves, Achievements, Windows, Controller Support, First Person, Indie, Recommend this Game, Amazing Characters, Amazing Storytelling, Extremely Fun, Single Player, Quickly Understand the Controls, Great for Beginners",71.0,4.58
Bendy and the Ink Machine,2025-10-30,2025,False,True,True,19.99,Joey Drew Studios Inc.,"Horror, Diverse Characters, Cloud Saves, Achievements, Windows, Controller Support, First Person, Indie, Recommend this Game, Amazing Characters, Amazing Storytelling, Extremely Fun, Single Player, Quickly Understand the Controls, Great for Beginners",71.0,4.58
Five Nights at Freddy's: Into the Pit,2025-10-30,2025,False,True,True,19.99,Mega Cat Studios,"Horror, Diverse Characters, Cloud Saves, Achievements, Windows, Controller Support, Retro, Recommend this Game, Amazing Characters, Amazing Storytelling, Extremely Fun, Survival, Single Player, Quickly Understand the Controls, Great for Beginners",87.0,4.16
Doodle Farm: Breeds and Beasts,2025-10-23,2025,False,True,False,,,,,
Fear the Spotlight,2025-10-23,2025,False,True,True,19.99,Blumhouse Games,"Horror, Puzzle, Cloud Saves, Achievements, Single Player, Windows, Adventure, Controller Support, Mac OS",83.0,3.6
Samorost 3,2025-10-16,2025,False,True,True,19.99,Amanita Design s.r.o.,"Puzzle, Cloud Saves, Achievements, Single Player, Windows, Adventure, Indie",80.0,4.64
Amnesia: The Bunker,2025-10-16,2025,False,True,True,24.99,Frictional Games,"Horror, Recommend this Game, Amazing Characters, Amazing Storytelling, Extremely Fun, Action-Adventure, Challenging Combat, Single Player, Windows, Controller Support, Quickly Understand the Controls, First Person",77.0,5.45
Samorost 3,2025-10-16,2025,False,True,True,19.99,Amanita Design s.r.o.,"Puzzle, Cloud Saves, Achievements, Single Player, Windows, Adventure, Indie",80.0,4.64
Double Dragon Trilogy,2025-10-09,2025,False,True,False,,,,,1.98
Albion Online - Rogue Journeyman Bundle,2025-10-09,2025,False,False,False,,,,72.0,
Gravity Circuit,2025-10-09,2025,False,True,True,16.99,Plug In Digital SAS,"Action, Diverse Characters, Challenging Combat, Windows, Indie, Recommend this Game, Amazing Characters, Amazing Storytelling, Great Boss Battles, Extremely Fun, Single Player, Quickly Understand the Controls, Platformer",89.0,4.89
Doodle Devil: Dark Side,2025-10-02,2025,False,True,False,,,,,
Firestone Online Idle RPG - Special Offer,2025-10-02,2025,False,False,False,,,,,
Nightingale,2025-10-02,2025,False,True,True,29.99,Inflexion Games,"Online Multiplayer, Diverse Characters, RELAXING, Gift A Game, Creative Community, Windows, Beautiful Visuals, Co-op, Unique Visuals, Recommend this Game, Amazing Storytelling, Extremely Fun, Survival, Single Player, Open World, Quickly Understand the Controls, EARLY ACCESS, Great for Beginners",,26.38
Eastern Exorcist,2025-09-25,2025,True,True,True,17.99,Thermite Games,"Diverse Characters, RELAXING, Windows, Controller Support, Recommend this Game, Amazing Characters, Amazing Storytelling, Extremely Fun, RPG, Action-Adventure, Single Player, Inclusive Character Customization, Quickly Understand the Controls, Great for Beginners",73.0,5.01
Eastern Exorcist,2025-09-25,2025,False,True,True,17.99,Thermite Games,"Diverse Characters, RELAXING, Windows, Controller Support, Recommend this Game, Amazing Characters, Amazing Storytelling, Extremely Fun, RPG, Action-Adventure, Single Player, Inclusive Character Customization, Quickly Understand the Controls, Great for Beginners",73.0,5.01
Jorel’s Brother and The Most Important Game of the Galaxy,2025-09-25,2025,False,True,True,14.99,Double Dash Studios,"Cloud Saves, Achievements, Single Player, Windows, Adventure, Controller Support, Indie",,
Road Redemption Mobile - Full Game,2025-09-18,2025,False,False,False,,,,70.0,
Samorost 2,2025-09-18,2025,False,True,True,4.99,Amanita Design s.r.o.,"Puzzle, Cloud Saves, Achievements, Single Player, Windows, Adventure, Indie",,1.05
Project Winter,2025-09-18,2025,False,True,True,9.99,Other Ocean Interactive,"Online Multiplayer, Diverse Characters, RELAXING, Windows, Controller Support, Indie, Casual, Recommend this Game, Amazing Characters, Amazing Storytelling, Extremely Fun, Action-Adventure, Cross Platform, Quickly Understand the Controls, Great for Beginners",75.0,9.82
Samorost 2,2025-09-18,2025,False,True,True,4.99,Amanita Design s.r.o.,"Puzzle, Cloud Saves, Achievements, Single Player, Windows, Adventure, Indie",,1.05
Monument Valley 2,2025-09-11,2025,False,True,True,7.99,ustwo games,"Casual, Puzzle, Achievements, Single Player, Windows, Adventure",83.0,1.55
The Battle of Polytopia,2025-09-11,2025,False,True,True,14.99,Midjiwan AB,"Turn-Based Strategy, Online Multiplayer, Diverse Characters, RELAXING, Competitive Community, Turn-Based, Windows, Recommend this Game, Competitive, Amazing Characters, Amazing Storytelling, Extremely Fun, Cross Platform, Single Player, Strategy, Quickly Understand the Controls, Local Multiplayer, Mac OS, Great for Beginners",72.0,1.33
Ghostrunner 2,2025-09-11,2025,True,True,True,39.99,505 Games,"Action, Diverse Characters, Recommend this Game, Amazing Characters, Amazing Storytelling, Great Boss Battles, Extremely Fun, Challenging Combat, Single Player, Windows, Adventure, Quickly Understand the Controls",80.0,8.4
Monument Valley 2,2025-09-11,2025,False,True,True,7.99,ustwo games,"Casual, Puzzle, Achievements, Single Player, Windows, Adventure",83.0,1.55
The Battle of Polytopia,2025-09-11,2025,False,True,True,14.99,Midjiwan AB,"Turn-Based Strategy, Online Multiplayer, Diverse Characters, RELAXING, Competitive Community, Turn-Based, Windows, Recommend this Game, Competitive, Amazing Characters, Amazing Storytelling, Extremely Fun, Cross Platform, Single Player, Strategy, Quickly Understand the Controls, Local Multiplayer, Mac OS, Great for Beginners",72.0,1.33
Monument Valley,2025-09-04,2025,False,True,True,7.99,ustwo games,"Casual, Puzzle, Single Player, Windows, Adventure",89.0,1.46
Monument Valley,2025-09-04,2025,False,True,True,7.99,ustwo games,"Casual, Puzzle, Single Player, Windows, Adventure",89.0,1.46
Machinarium,2025-08-28,2025,False,True,True,19.99,Amanita Design s.r.o.,"Unique Visuals, Puzzle, Cloud Saves, Achievements, Single Player, Windows, Adventure, Controller Support, Challenging Puzzles, Indie",85.0,5.11
Machinarium,2025-08-28,2025,False,True,True,19.99,Amanita Design s.r.o.,"Unique Visuals, Puzzle, Cloud Saves, Achievements, Single Player, Windows, Adventure, Controller Support, Challenging Puzzles, Indie",85.0,5.11
Make Way,2025-08-28,2025,False,True,True,14.99,Secret Mode Limited,"Action, Online Multiplayer, Great for Quick Sessions, Diverse Characters, Gift A Game, RELAXING, Competitive Community, Cloud Saves, Achievements, Windows, Controller Support, Playful Visuals, Recommend this Game, Amazing Characters, Extremely Fun, Party, Cross Platform, Racing, Quickly Understand the Controls, Local Multiplayer, Great for Beginners",83.0,1.93
Strange Horticulture,2025-08-21,2025,False,True,True,14.99,Iceberg Interactive,"Great for Quick Sessions, Diverse Characters, RELAXING, Exploration, Cloud Saves, Achievements, Windows, Simulation, Puzzle, Recommend this Game, Amazing Characters, Amazing Storytelling, Extremely Fun, Single Player, Quickly Understand the Controls, Great for Beginners",83.0,5.65
Kamaeru,2025-08-21,2025,False,True,True,19.99,Armor Games Studios,"Diverse Characters, RELAXING, Kind Community, Cloud Saves, Achievements, Easy Combat, Windows, Controller Support, Beautiful Visuals, Indie, Casual, Simulation, Recommend this Game, Amazing Characters, Amazing Storytelling, Single Player, Quickly Understand the Controls, Great for Beginners",70.0,4.89
Strange Horticulture,2025-08-21,2025,False,True,True,14.99,Iceberg Interactive,"Great for Quick Sessions, Diverse Characters, RELAXING, Exploration, Cloud Saves, Achievements, Windows, Simulation, Puzzle, Recommend this Game, Amazing Characters, Amazing Storytelling, Extremely Fun, Single Player, Quickly Understand the Controls, Great for Beginners",83.0,5.65
Hidden Folks,2025-08-14,2025,False,True,True,14.99,Adriaan de Jongh,"Great for Quick Sessions, Diverse Characters, RELAXING, Achievements, Creative Community, Windows, Indie, Casual, Recommend this Game, Amazing Characters, Amazing Storytelling, Extremely Fun, Single Player, Comedy, Quickly Understand the Controls, Mac OS, Great for Beginners",83.0,3.68
Hidden Folks,2025-08-14,2025,False,True,True,14.99,Adriaan de Jongh,"Great for Quick Sessions, Diverse Characters, RELAXING, Achievements, Creative Community, Windows, Indie, Casual, Recommend this Game, Amazing Characters, Amazing Storytelling, Extremely Fun, Single Player, Comedy, Quickly Understand the Controls, Mac OS, Great for Beginners",83.0,3.68
Totally Reliable Delivery Service Standard Edition,2025-08-14,2025,True,True,True,14.99,"Infogrames, LLC","Online Multiplayer, Great for Quick Sessions, Diverse Characters, Gift A Game, Silly Community, Windows, Controller Support, Indie, Co-op, Casual, Playful Visuals, Recommend this Game, Amazing Characters, Amazing Storytelling, Extremely Fun, Party, Physics, Cross Platform, Single Player, Quickly Understand the Controls, Local Multiplayer, Mac OS, Great for Beginners",,
112 Operator,2025-08-07,2025,False,True,True,24.99,Games Operators S.A.,"RELAXING, Achievements, Windows, Casual, Simulation, Recommend this Game, Amazing Characters, Amazing Storytelling, Extremely Fun, Single Player, Educational, Strategy, Quickly Understand the Controls, Great for Beginners",73.0,10.15
112 Operator,2025-08-07,2025,False,True,True,24.99,Games Operators S.A.,"RELAXING, Achievements, Windows, Casual, Simulation, Recommend this Game, Amazing Characters, Amazing Storytelling, Extremely Fun, Single Player, Educational, Strategy, Quickly Understand the Controls, Great for Beginners",73.0,10.15
Road Redemption,2025-08-07,2025,False,True,True,19.99,Plug In Digital SAS,"Action, RELAXING, Achievements, Windows, Co-op, Recommend this Game, Extremely Fun, Single Player, Racing, Quickly Understand the Controls, Local Multiplayer, Mac OS, Great for Beginners",70.0,5.72
Pilgrims,2025-07-31,2025,False,True,True,6.99,Amanita Design s.r.o.,"Cloud Saves, Achievements, Single Player, Windows, Adventure, Card Game, Indie",73.0,0.86
Keylocker | Turn Based Cyberpunk Action,2025-07-31,2025,False,True,True,19.99,Serenity Forge,"Diverse Characters, Achievements, Turn-Based, Serenity Forge Publisher Sale, Windows, Controller Support, Indie, Recommend this Game, Amazing Characters, Amazing Storytelling, Extremely Fun, RPG, Single Player, Inclusive Character Customization, Great for Beginners",69.0,20.0
Pilgrims,2025-07-31,2025,False,True,True,6.99,Amanita Design s.r.o.,"Cloud Saves, Achievements, Single Player, Windows, Adventure, Card Game, Indie",73.0,0.86
Doodle Mafia: Epic Alchemy,2025-07-24,2025,False,True,False,,,,52.0,
Legion TD 2,2025-07-24,2025,False,True,True,19.99,Ninja Kiwi,"Online Multiplayer, Diverse Characters, RELAXING, Competitive Community, Promotional Content, Achievements, Challenging Combat, Windows, Indie, Co-op, Tower Defense, Recommend this Game, Competitive, Amazing Characters, Extremely Fun, Cross Platform, Single Player, Strategy, Quickly Understand the Controls, Mac OS, Great for Beginners",,3.88
There Is No Game: Wrong Dimension,2025-07-17,2025,False,True,True,12.99,Draw Me A Pixel,"Casual, Cloud Saves, Achievements, Single Player, Windows, Comedy, Adventure",87.0,4.98
Sid Meier’s Civilization® VI Platinum Edition,2025-07-17,2025,False,True,False,,,,88.0,
Figment 2: Creed Valley,2025-07-10,2025,False,True,True,24.99,Bedtime Digital Games,"Action, Puzzle, Great Boss Battles, Achievements, Single Player, Windows, Adventure",76.0,4.07
Figment 2: Creed Valley,2025-07-10,2025,False,True,True,24.99,Bedtime Digital Games,"Action, Puzzle, Great Boss Battles, Achievements, Single Player, Windows, Adventure",76.0,4.07
Sky Racket,2025-07-10,2025,False,True,True,14.99,Double Dash Studios,"Co-op, Casual, Sports, Windows, Controller Support, Indie",72.0,2.42
Figment,2025-07-03,2025,False,True,True,19.99,Bedtime Digital Games,"Action, Great Boss Battles, Single Player, Windows, Adventure, Indie",75.0,
Backpack Hero,2025-07-03,2025,False,True,True,19.99,Pretty Soon S.A.,"Diverse Characters, RELAXING, Achievements, Turn-Based, Windows, Controller Support, Playful Visuals, Dungeon Crawler, Recommend this Game, Amazing Characters, Great Boss Battles, Extremely Fun, Single Player, Rogue-Lite, Quickly Understand the Controls, Mac OS, Great for Beginners",76.0,12.29
Figment,2025-07-03,2025,True,True,True,19.99,Bedtime Digital Games,"Action, Great Boss Battles, Single Player, Windows, Adventure, Indie",75.0,
Cultist Simulator,2025-06-26,2025,False,True,False,,,,71.0,19.37
Sable,2025-06-26,2025,True,True,True,24.99,Raw Fury,"Diverse Characters, RELAXING, Kind Community, Cloud Saves, Achievements, Easy Combat, Windows, Controller Support, Indie, Unique Visuals, Recommend this Game, Amazing Characters, Amazing Storytelling, Extremely Fun, Single Player, Open World, Adventure, Quickly Understand the Controls, Great for Beginners",76.0,7.42
Sable,2025-06-26,2025,True,True,True,24.99,Raw Fury,"Diverse Characters, RELAXING, Kind Community, Cloud Saves, Achievements, Easy Combat, Windows, Controller Support, Indie, Unique Visuals, Recommend this Game, Amazing Characters, Amazing Storytelling, Extremely Fun, Single Player, Open World, Adventure, Quickly Understand the Controls, Great for Beginners",76.0,7.42
Doodle God: Infinite Alchemy Merge,2025-06-19,2025,False,True,False,,,,,
The Operator,2025-06-19,2025,False,True,True,14.99,Bureau 81,"Puzzle, Narration, Cloud Saves, Single Player, Windows, Indie, Mac OS",78.0,3.55
shapez,2025-06-12,2025,False,True,True,9.99,tobspr Games,"RELAXING, Creative Community, Windows, Unique Visuals, Puzzle, Recommend this Game, Amazing Characters, Amazing Storytelling, Extremely Fun, Single Player, Educational, Quickly Understand the Controls, Great for Beginners",,26.61
DC Heroes United’s - Super Power Batman Bundle DLC,2025-06-12,2025,False,False,False,,,,79.0,
Two Point Hospital,2025-06-12,2025,False,True,True,29.99,SEGA,"Diverse Characters, RELAXING, Windows, Casual, Playful Visuals, Simulation, Recommend this Game, Amazing Characters, Amazing Storytelling, Extremely Fun, Single Player, Strategy, Quickly Understand the Controls, Great for Beginners",83.0,38.23
Ogu and the Secret Forest,2025-06-05,2025,False,True,True,24.99,Sinkhole Studio Inc.,"Action, Diverse Characters, RELAXING, Cloud Saves, Achievements, Windows, Controller Support, Puzzle, Recommend this Game, Amazing Characters, Amazing Storytelling, Great Boss Battles, Extremely Fun, Single Player, Adventure, Quickly Understand the Controls, Mac OS, Great for Beginners",,13.0
Deathloop,2025-06-05,2025,False,True,True,59.99,Bethesda Softworks,"Action, Diverse Characters, Cloud Saves, Creative Community, Windows, Unique Visuals, Recommend this Game, Multiplayer, Amazing Characters, Amazing Storytelling, Extremely Fun, Single Player, Stealth, Adventure, Quickly Understand the Controls",88.0,16.38
Ogu and the Secret Forest,2025-06-05,2025,False,True,True,24.99,Sinkhole Studio Inc.,"Action, Diverse Characters, RELAXING, Cloud Saves, Achievements, Windows, Controller Support, Puzzle, Recommend this Game, Amazing Characters, Amazing Storytelling, Great Boss Battles, Extremely Fun, Single Player, Adventure, Quickly Understand the Controls, Mac OS, Great for Beginners",,13.0
Hell Let Loose - Summer Warfare Pack,2025-06-03,2025,False,False,False,,,,79.0,
LIMBO,2025-05-29,2025,False,True,True,12.49,Playdead,"Puzzle, Cloud Saves, Single Player, Windows, Controller Support, Challenging Puzzles, Platformer, Indie",90.0,3.58
LIMBO,2025-05-29,2025,False,True,True,12.49,Playdead,"Puzzle, Cloud Saves, Single Player, Windows, Controller Support, Challenging Puzzles, Platformer, Indie",90.0,3.58
LIMBO,2025-05-29,2025,True,True,True,12.49,Playdead,"Puzzle, Cloud Saves, Single Player, Windows, Controller Support, Challenging Puzzles, Platformer, Indie",90.0,3.58
LIMBO,2025-05-29,2025,True,True,True,12.49,Playdead,"Puzzle, Cloud Saves, Single Player, Windows, Controller Support, Challenging Puzzles, Platformer, Indie",90.0,3.58
Tiny Tina's Wonderlands,2025-05-29,2025,False,True,True,59.99,2K,"Action, Diverse Characters, RELAXING, Cloud Saves, Fantasy, Windows, Co-op, Recommend this Game, Multiplayer, Amazing Characters, Amazing Storytelling, Great Boss Battles, Extremely Fun, Action-Adventure, Single Player, Adventure, Quickly Understand the Controls, Great for Beginners",78.0,16.11
Gigapocalypse,2025-05-22,2025,False,True,True,9.99,Headup Gmbh,"Action, Great for Quick Sessions, Diverse Characters, RELAXING, Achievements, Easy Combat, Windows, Controller Support, Retro, Indie, Playful Visuals, Recommend this Game, Competitive, Amazing Characters, Great Boss Battles, Extremely Fun, Single Player, Quickly Understand the Controls, Great for Beginners",,3.14
Deliver At All Cost,2025-05-22,2025,False,True,True,29.99,KONAMI,"Action, Diverse Characters, RELAXING, Cloud Saves, Achievements, Easy Combat, Windows, Controller Support, Recommend this Game, Narration, Amazing Characters, Amazing Storytelling, Extremely Fun, Single Player, Adventure, Quickly Understand the Controls, Great for Beginners",69.0,
Gigapocalypse,2025-05-22,2025,False,True,True,9.99,Headup Gmbh,"Action, Great for Quick Sessions, Diverse Characters, RELAXING, Achievements, Easy Combat, Windows, Controller Support, Retro, Indie, Playful Visuals, Recommend this Game, Competitive, Amazing Characters, Great Boss Battles, Extremely Fun, Single Player, Quickly Understand the Controls, Great for Beginners",,3.14
Sifu,2025-05-22,2025,True,True,False,,,,81.0,7.77
Fortnite -- Frosted Skyline Pack,2025-05-16,2025,False,False,False,,,,78.0,
Happy Game,2025-05-15,2025,False,True,True,14.99,Amanita Design s.r.o.,"Horror, Puzzle, Achievements, Single Player, Windows, Adventure, Controller Support",81.0,2.06
Dead Island 2,2025-05-15,2025,False,True,True,49.99,Deep Silver,"Action, Horror, Diverse Characters, RELAXING, Cloud Saves, Windows, Controller Support, Co-op, Recommend this Game, Multiplayer, Amazing Characters, Amazing Storytelling, Great Boss Battles, Extremely Fun, Single Player, Quickly Understand the Controls, Great for Beginners, Mac OS",73.0,16.12
Happy Game,2025-05-15,2025,False,True,True,14.99,Amanita Design s.r.o.,"Horror, Puzzle, Achievements, Single Player, Windows, Adventure, Controller Support",81.0,2.06
Asphalt Legends UNITE: Triple Decal Pack,2025-05-15,2025,False,False,False,,,,,
Disney Speedstorm - Monochromatic Pack - Racer Ariel,2025-05-15,2025,False,False,False,,,,,
Fall Guys - Digi Costume,2025-05-15,2025,False,False,False,,,,81.0,
Infinity Nikki MEGA Sale Bundle,2025-05-15,2025,False,False,False,,,,80.0,
Neverwinter - Epic Starter Pack,2025-05-15,2025,False,False,False,,,,74.0,
RAWMEN Sakura Gusoku Cosmetic Set,2025-05-15,2025,False,False,False,,,,,
Rocket League® - TriTrim Wheels,2025-05-15,2025,False,False,False,,,,85.0,
SMITE 2 Thanatoasty Bundle,2025-05-15,2025,False,False,False,,,,80.0,
Star Trek Online - Epic Starter Pack Bundle,2025-05-15,2025,False,False,False,,,,66.0,
World of Warships — Courbet Epic Plunder Pack,2025-05-15,2025,False,False,False,,,,81.0,
World of Warships x Azur Lane — Quest for AL Avrora,2025-05-15,2025,False,False,False,,,,81.0,
Wuthering Waves Giveaway,2025-05-15,2025,False,False,False,,,,71.0,
MR RACER: Premium,2025-05-08,2025,False,True,False,,,,,
Deadtime Defenders,2025-05-08,2025,False,True,True,9.99,Arcane Embers Game Studio Inc.,"Great for Quick Sessions, Cloud Saves, Achievements, Easy Combat, Windows, Controller Support, Indie, Extremely Fun, Action-Adventure, Shooter, Single Player, Quickly Understand the Controls, Great for Beginners",,1.72
Touch Type Tale,2025-05-08,2025,False,True,True,19.99,Mythwright,"Diverse Characters, Creative Community, Challenging Combat, Windows, Unique Visuals, Recommend this Game, Multiplayer, Competitive, Amazing Characters, Amazing Storytelling, Extremely Fun, Single Player, Educational, Strategy, Quickly Understand the Controls, Great for Beginners",,11.17
LEGO® Star Wars™: The Skywalker Saga,2025-05-04,2025,True,True,True,49.99,Warner Bros. Games,"Action, Diverse Characters, RELAXING, Cloud Saves, Achievements, Easy Combat, Windows, Co-op, Recommend this Game, Multiplayer, Amazing Characters, Amazing Storytelling, Great Boss Battles, Extremely Fun, Single Player, Adventure, Quickly Understand the Controls, Great for Beginners",82.0,
LEGO® Star Wars™: The Skywalker Saga,2025-05-04,2025,True,True,True,49.99,Warner Bros. Games,"Action, Diverse Characters, RELAXING, Cloud Saves, Achievements, Easy Combat, Windows, Co-op, Recommend this Game, Multiplayer, Amazing Characters, Amazing Storytelling, Great Boss Battles, Extremely Fun, Single Player, Adventure, Quickly Understand the Controls, Great for Beginners",82.0,
Super Space Club,2025-05-01,2025,False,True,True,14.99,GrahamOfLegend,"Action, Cloud Saves, Achievements, Shooter, Single Player, Windows, Controller Support, Indie",,1.5
Super Space Club,2025-05-01,2025,False,True,True,14.99,GrahamOfLegend,"Action, Cloud Saves, Achievements, Shooter, Single Player, Windows, Controller Support, Indie",,1.5
Chuchel,2025-04-24,2025,False,True,True,14.99,Amanita Design s.r.o.,"Puzzle, Cloud Saves, Single Player, Windows, Adventure, Indie",81.0,2.08
Loop Hero,2025-04-24,2025,False,True,True,14.99,Devolver Digital,"Diverse Characters, RELAXING, Cloud Saves, Creative Community, Windows, Indie, Unique Visuals, Recommend this Game, Amazing Characters, Amazing Storytelling, Extremely Fun, Single Player, Card Game, Quickly Understand the Controls, Mac OS, Great for Beginners",82.0,28.56
Albion Online - Free Welcome Gift,2025-04-24,2025,False,False,False,,,,72.0,
Chuchel,2025-04-24,2025,False,True,True,14.99,Amanita Design s.r.o.,"Puzzle, Cloud Saves, Single Player, Windows, Adventure, Indie",81.0,2.08
Botanicula,2025-04-17,2025,False,True,True,14.99,Amanita Design s.r.o.,"Puzzle, Cloud Saves, Achievements, Single Player, Windows, Adventure, Indie",82.0,3.45
Firestone Online Idle RPG - Special Offer,2025-04-17,2025,False,False,False,,,,,
Botanicula,2025-04-17,2025,False,True,True,14.99,Amanita Design s.r.o.,"Puzzle, Cloud Saves, Achievements, Single Player, Windows, Adventure, Indie",82.0,3.45
Firestone Online Idle RPG - Special Offer,2025-04-17,2025,False,False,False,,,,,
Bridge Constructor: The Walking Dead,2025-04-10,2025,False,True,True,9.99,Headup,"Simulation, Puzzle, Cloud Saves, Single Player, Windows, Strategy, Challenging Puzzles, Mac OS",72.0,8.62
Arcadgeddon Promo bundle,2025-04-10,2025,False,False,False,,,,,
Idle Champions of the Forgotten Realms - Astarion's Champions of Renown Pack,2025-04-10,2025,False,False,False,,,,,
River City Girls,2025-04-10,2025,False,True,True,29.99,WayForward,"Diverse Characters, RELAXING, Cloud Saves, Achievements, Windows, Controller Support, Co-op, Playful Visuals, Recommend this Game, Amazing Characters, Amazing Storytelling, Extremely Fun, Action-Adventure, Single Player, Quickly Understand the Controls, Local Multiplayer, Great for Beginners",79.0,6.94
Doodle Kingdom: Medieval,2025-04-03,2025,False,True,False,,,,,
Cat Quest II,2025-04-03,2025,True,True,True,14.99,Kepler Interactive,"Diverse Characters, RELAXING, Cloud Saves, Achievements, Windows, Co-op, Casual, Playful Visuals, Recommend this Game, Amazing Characters, Amazing Storytelling, Extremely Fun, RPG, Action-Adventure, Single Player, Inclusive Character Customization, Quickly Understand the Controls, Great for Beginners",80.0,7.56
Evoland 2,2025-03-27,2025,False,True,True,19.99,Shiro Games SAS,"Action, Great Boss Battles, RPG, Single Player, Windows, Adventure, Controller Support",76.0,17.13
Out There - Omega Edition,2025-03-27,2025,False,True,False,,,,74.0,
Cat Quest,2025-03-27,2025,True,True,True,12.99,Kepler Interactive,"RELAXING, Cloud Saves, Achievements, Windows, Epic Savings, Controller Support, Casual, Playful Visuals, Recommend this Game, Amazing Characters, Amazing Storytelling, Extremely Fun, RPG, Action-Adventure, Single Player, Inclusive Character Customization, Quickly Understand the Controls, Great for Beginners",74.0,5.62
Cat Quest,2025-03-27,2025,True,True,True,12.99,Kepler Interactive,"RELAXING, Cloud Saves, Achievements, Windows, Epic Savings, Controller Support, Casual, Playful Visuals, Recommend this Game, Amazing Characters, Amazing Storytelling, Extremely Fun, RPG, Action-Adventure, Single Player, Inclusive Character Customization, Quickly Understand the Controls, Great for Beginners",74.0,5.62
"Neko Ghost, Jump",2025-03-27,2025,False,True,True,9.99,Burgos Games,"Action, Puzzle, Competitive, Single Player, Windows, Controller Support, EARLY ACCESS, Platformer",,0.0
Dragon Age: The Veilguard - Rook’s Weapons Appearance,2025-03-21,2025,False,False,False,,,,82.0,
Eastern Exorcist,2025-03-20,2025,False,True,True,17.99,Thermite Games,"Diverse Characters, RELAXING, Windows, Controller Support, Recommend this Game, Amazing Characters, Amazing Storytelling, Extremely Fun, RPG, Action-Adventure, Single Player, Inclusive Character Customization, Quickly Understand the Controls, Great for Beginners",73.0,5.01
Super Meat Boy Forever Mobile,2025-03-20,2025,False,True,False,,,,66.0,
Jurassic World Evolution 2,2025-03-20,2025,False,True,True,59.99,Frontier Developments,"Diverse Characters, RELAXING, Cloud Saves, Creative Community, Windows, Recommend this Game, Amazing Characters, Amazing Storytelling, Extremely Fun, Single Player, Educational, Strategy, Quickly Understand the Controls, Great for Beginners",78.0,5.93
Mortal Shell,2025-03-13,2025,True,True,True,29.99,Playstack Ltd,"Diverse Characters, Competitive Community, Cloud Saves, Challenging Combat, Windows, Indie, Unique Visuals, Recommend this Game, Amazing Characters, Amazing Storytelling, Extremely Fun, RPG, Single Player, Quickly Understand the Controls",76.0,10.62
Mortal Shell,2025-03-13,2025,True,True,True,29.99,Playstack Ltd,"Diverse Characters, Competitive Community, Cloud Saves, Challenging Combat, Windows, Indie, Unique Visuals, Recommend this Game, Amazing Characters, Amazing Storytelling, Extremely Fun, RPG, Single Player, Quickly Understand the Controls",76.0,10.62
World of Warships — Anniversary Party Favor,2025-03-13,2025,False,False,False,,,,81.0,
Them's Fightin' Herds,2025-03-06,2025,True,True,True,19.99,Maximum Entertainment LLC,"Fighting, Online Multiplayer, Great for Quick Sessions, Diverse Characters, RELAXING, Achievements, Challenging Combat, Windows, Indie, Recommend this Game, Amazing Characters, Amazing Storytelling, Extremely Fun, Single Player, Quickly Understand the Controls, Great for Beginners",80.0,4.25
Them's Fightin' Herds,2025-03-06,2025,True,True,True,19.99,Maximum Entertainment LLC,"Fighting, Online Multiplayer, Great for Quick Sessions, Diverse Characters, RELAXING, Achievements, Challenging Combat, Windows, Indie, Recommend this Game, Amazing Characters, Amazing Storytelling, Extremely Fun, Single Player, Quickly Understand the Controls, Great for Beginners",80.0,4.25
Mages of Mystralia,2025-02-27,2025,True,True,True,19.99,Borealys Games,"Action, Amazing Characters, RELAXING, Amazing Storytelling, Great Boss Battles, Single Player, Windows, Adventure, Quickly Understand the Controls, Indie, Great for Beginners",74.0,8.74
Mages of Mystralia,2025-02-27,2025,True,True,True,19.99,Borealys Games,"Action, Amazing Characters, RELAXING, Amazing Storytelling, Great Boss Battles, Single Player, Windows, Adventure, Quickly Understand the Controls, Indie, Great for Beginners",74.0,8.74
STAR WARS™ Knights of the Old Republic™,2025-02-20,2025,False,True,False,,,,94.0,
STAR WARS™ Knights of the Old Republic™ II - The Sith Lords™,2025-02-20,2025,False,True,False,,,,86.0,
Garden Story,2025-02-20,2025,False,True,True,19.99,Rose City Games,"Action, RELAXING, Cloud Saves, Easy Combat, Windows, Controller Support, Indie, Recommend this Game, Amazing Characters, Great Boss Battles, RPG, Single Player, Inclusive Character Customization, Great for Beginners",73.0,10.74
World War Z: Aftermath,2025-02-20,2025,False,True,True,39.99,Saber Interactive,"Action, Diverse Characters, 1220, Gift A Game, RELAXING, Cloud Saves, Windows, Controller Support, Co-op, Recommend this Game, Multiplayer, Amazing Characters, Amazing Storytelling, Great Boss Battles, Extremely Fun, Survival, Shooter, Single Player, Quickly Understand the Controls, Great for Beginners",80.0,10.24
Apex Legends™: Loba Free Unlock Bundle,2025-02-13,2025,False,False,False,,,,89.0,
F1® Manager 2024,2025-02-13,2025,False,True,True,34.99,Frontier Developments,"Diverse Characters, RELAXING, Competitive Community, Cloud Saves, Achievements, Promotional Content, Windows, Realistic Visuals, Simulation, Recommend this Game, Amazing Characters, Amazing Storytelling, Extremely Fun, Single Player, Educational, Strategy, Quickly Understand the Controls, Great for Beginners",81.0,
Beyond Blue,2025-02-06,2025,True,True,True,19.99,E-Line Media,"Casual, Cloud Saves, Single Player, Windows, Adventure, Indie",72.0,2.64
Beyond Blue,2025-02-06,2025,True,True,True,19.99,E-Line Media,"Casual, Cloud Saves, Single Player, Windows, Adventure, Indie",72.0,2.64
HUMANKIND™,2025-02-06,2025,False,True,True,49.99,SEGA,"Turn-Based Strategy, Diverse Characters, RELAXING, Competitive Community, Cloud Saves, Creative Community, Windows, 4X, Recommend this Game, Multiplayer, Competitive, Amazing Characters, Amazing Storytelling, Extremely Fun, Single Player, Educational, Strategy, Quickly Understand the Controls, Mac OS",77.0,
Undying,2025-01-30,2025,False,True,True,19.99,Skystone Games Inc.,"Unique Visuals, Horror, Recommend this Game, Amazing Characters, Amazing Storytelling, Extremely Fun, Cloud Saves, Creative Community, Single Player, Windows, Adventure, Quickly Understand the Controls",74.0,25.56
Dying Light - 10th Anniversary Bundle,2025-01-27,2025,False,False,False,,,,,
Bloons TD 6,2025-01-24,2025,False,True,True,13.99,Ninja Kiwi,"Online Multiplayer, Diverse Characters, RELAXING, Creative Community, Promotional Content, Windows, Co-op, Playful Visuals, Recommend this Game, Amazing Characters, Amazing Storytelling, Extremely Fun, Cross Platform, Single Player, Strategy, Quickly Understand the Controls, Great for Beginners",,36.42
Bloons TD 6,2025-01-24,2025,False,True,True,13.99,Ninja Kiwi,"Online Multiplayer, Diverse Characters, RELAXING, Creative Community, Promotional Content, Windows, Co-op, Playful Visuals, Recommend this Game, Amazing Characters, Amazing Storytelling, Extremely Fun, Cross Platform, Single Player, Strategy, Quickly Understand the Controls, Great for Beginners",,36.42
Bloons TD 6,2025-01-24,2025,False,True,True,13.99,Ninja Kiwi,"Online Multiplayer, Diverse Characters, RELAXING, Creative Community, Promotional Content, Windows, Co-op, Playful Visuals, Recommend this Game, Amazing Characters, Amazing Storytelling, Extremely Fun, Cross Platform, Single Player, Strategy, Quickly Understand the Controls, Great for Beginners",,36.42
Dungeon of the Endless: Apogee,2025-01-24,2025,False,True,False,,,,,
Behind the Frame: The Finest Scenery,2025-01-23,2025,False,True,True,12.99,Akupara Games,"Puzzle, Cloud Saves, Single Player, Windows, Adventure, First Person, Mac OS, Easy Puzzles",73.0,1.2
Escape Academy,2025-01-16,2025,True,True,True,19.99,iam8bit,"Online Multiplayer, Cloud Saves, Challenging Combat, Windows, First Person, Co-op, Playful Visuals, Puzzle, Recommend this Game, Amazing Storytelling, Single Player, Educational, Adventure, Quickly Understand the Controls, Challenging Puzzles, Local Multiplayer, Great for Beginners",79.0,5.01
Escape Academy,2025-01-16,2025,True,True,True,19.99,iam8bit,"Online Multiplayer, Cloud Saves, Challenging Combat, Windows, First Person, Co-op, Playful Visuals, Puzzle, Recommend this Game, Amazing Storytelling, Single Player, Educational, Adventure, Quickly Understand the Controls, Challenging Puzzles, Local Multiplayer, Great for Beginners",79.0,5.01
Turmoil,2025-01-09,2025,False,True,True,12.99,Gamious,"Online Multiplayer, Great for Quick Sessions, RELAXING, Achievements, Turn-Based, Windows, Controller Support, Simulation, Recommend this Game, Competitive, Amazing Storytelling, Extremely Fun, Cross Platform, Single Player, Strategy, Quickly Understand the Controls, Mac OS, Great for Beginners",73.0,7.75
Hell Let Loose,2025-01-02,2025,False,True,True,49.99,Team17 Digital Ltd,"Online Multiplayer, Diverse Characters, Gift A Game, Competitive Community, Achievements, Challenging Combat, Windows, First Person, Realistic Visuals, Recommend this Game, Competitive, Amazing Characters, Amazing Storytelling, Extremely Fun, Shooter, Educational, Quickly Understand the Controls",79.0,35.92
Kingdom Come: Deliverance,2025-01-01,2025,True,True,True,29.99,Prime Matter,"Action, Diverse Characters, RELAXING, Cloud Saves, Achievements, Challenging Combat, Windows, Controller Support, Realistic Visuals, Recommend this Game, Amazing Characters, Amazing Storytelling, Great Boss Battles, Extremely Fun, RPG, Single Player, Educational, Open World, Inclusive Character Customization, Adventure",76.0,42.6
Kingdom Come: Deliverance,2025-01-01,2025,True,True,True,29.99,Prime Matter,"Action, Diverse Characters, RELAXING, Cloud Saves, Achievements, Challenging Combat, Windows, Controller Support, Realistic Visuals, Recommend this Game, Amazing Characters, Amazing Storytelling, Great Boss Battles, Extremely Fun, RPG, Single Player, Educational, Open World, Inclusive Character Customization, Adventure",76.0,42.6
Sifu,2024-12-31,2024,False,True,False,,,,81.0,7.77
[REDACTED],2024-12-30,2024,False,True,True,24.99,"KRAFTON, Inc.","Action, Diverse Characters, Achievements, Challenging Combat, Windows, Controller Support, Dungeon Crawler, Recommend this Game, Amazing Characters, Amazing Storytelling, Great Boss Battles, Extremely Fun, Single Player, Rogue-Lite, Quickly Understand the Controls",77.0,10.45
Orcs Must Die! 3,2024-12-29,2024,True,True,True,29.99,Robot Entertainment,"Action, Diverse Characters, RELAXING, Gift A Game, Cloud Saves, Achievements, Creative Community, Windows, Controller Support, Co-op, Playful Visuals, Tower Defense, Recommend this Game, Amazing Characters, Amazing Storytelling, Great Boss Battles, Extremely Fun, Cross Platform, Single Player, Strategy, Quickly Understand the Controls, Great for Beginners",77.0,10.11
Orcs Must Die! 3,2024-12-29,2024,True,True,True,29.99,Robot Entertainment,"Action, Diverse Characters, RELAXING, Gift A Game, Cloud Saves, Achievements, Creative Community, Windows, Controller Support, Co-op, Playful Visuals, Tower Defense, Recommend this Game, Amazing Characters, Amazing Storytelling, Great Boss Battles, Extremely Fun, Cross Platform, Single Player, Strategy, Quickly Understand the Controls, Great for Beginners",77.0,10.11
Kill Knight,2024-12-28,2024,False,True,True,14.99,PlaySide Studios LTD,"Action, Great for Quick Sessions, Competitive Community, Cloud Saves, Fantasy, Challenging Combat, Windows, Controller Support, Unique Visuals, Recommend this Game, Amazing Characters, Amazing Storytelling, Great Boss Battles, Extremely Fun, Shooter, Single Player, Quickly Understand the Controls",88.0,6.0
HOT WHEELS UNLEASHED™,2024-12-27,2024,False,True,True,39.99,Milestone S.r.l.,"Online Multiplayer, Great for Quick Sessions, Diverse Characters, RELAXING, Competitive Community, Windows, Epic Savings, Playful Visuals, Recommend this Game, Competitive, Amazing Characters, Amazing Storytelling, Extremely Fun, Single Player, Racing, Quickly Understand the Controls, Great for Beginners",75.0,
Ghostrunner 2,2024-12-26,2024,False,True,True,39.99,505 Games,"Action, Diverse Characters, Recommend this Game, Amazing Characters, Amazing Storytelling, Great Boss Battles, Extremely Fun, Challenging Combat, Single Player, Windows, Adventure, Quickly Understand the Controls",80.0,8.4
Control,2024-12-25,2024,True,True,True,29.99,Remedy Entertainment,"Action, Single Player, Windows, Adventure, Supernatural",82.0,11.71
Control,2024-12-25,2024,True,True,True,29.99,Remedy Entertainment,"Action, Single Player, Windows, Adventure, Supernatural",82.0,11.71
Control,2024-12-25,2024,True,True,True,29.99,Remedy Entertainment,"Action, Single Player, Windows, Adventure, Supernatural",82.0,11.71
Dredge,2024-12-24,2024,False,True,True,24.99,Team17 Digital Ltd,"Horror, Diverse Characters, RELAXING, Exploration, Cloud Saves, Achievements, Creative Community, Windows, Unique Visuals, Recommend this Game, Amazing Characters, Amazing Storytelling, Extremely Fun, Single Player, Open World, Quickly Understand the Controls, Mac OS, Great for Beginners",80.0,9.69
Dark and Darker - Legendary Status,2024-12-23,2024,False,False,False,,,,,
Wizard of Legend,2024-12-22,2024,False,True,True,15.99,Good Games Group,"Diverse Characters, RELAXING, Cloud Saves, Achievements, Challenging Combat, Windows, Controller Support, Co-op, Dungeon Crawler, Recommend this Game, Amazing Characters, Amazing Storytelling, Extremely Fun, Action-Adventure, Single Player, Rogue-Lite, Quickly Understand the Controls, Local Multiplayer",76.0,8.62
TerraTech,2024-12-21,2024,False,True,True,24.99,Mythwright,"Online Multiplayer, RELAXING, Cloud Saves, Achievements, Creative Community, Windows, Co-op, Recommend this Game, Competitive, Amazing Characters, Amazing Storytelling, Extremely Fun, Action-Adventure, Single Player, Educational, Open World, Adventure, Quickly Understand the Controls, Mac OS, Great for Beginners",60.0,24.31
Astrea: Six Sided Oracles,2024-12-20,2024,False,True,True,24.99,Akupara Games,"Diverse Characters, RELAXING, Cloud Saves, Achievements, Creative Community, Windows, Recommend this Game, Amazing Characters, Amazing Storytelling, Extremely Fun, Single Player, Card Game, Adventure, Quickly Understand the Controls, Great for Beginners",85.0,12.41
Train Sim World® 5: Sherman Hill: Cheyenne - Laramie,2024-12-20,2024,False,False,False,,,,,
Vampire Survivors,2024-12-19,2024,False,True,True,4.99,Poncle Limited,"Diverse Characters, RELAXING, Cloud Saves, Achievements, Creative Community, Windows, Controller Support, Indie, Co-op, Recommend this Game, Amazing Characters, Amazing Storytelling, Extremely Fun, Action-Adventure, Rogue-Lite, Quickly Understand the Controls, Local Multiplayer, Mac OS, Great for Beginners",86.0,14.92
The Lord of the Rings™: Return to Moria™,2024-12-12,2024,False,True,True,29.99,North Beach Games,"Online Multiplayer, RELAXING, Cloud Saves, Achievements, Creative Community, Windows, Co-op, Recommend this Game, Amazing Characters, Amazing Storytelling, Extremely Fun, Survival, Action-Adventure, Quickly Understand the Controls, Great for Beginners",59.0,
Bus Simulator 21 Next Stop,2024-12-05,2024,False,True,True,34.99,Astragon Entertainment,"RELAXING, Cloud Saves, Windows, Controller Support, Simulation, Recommend this Game, Multiplayer, Amazing Storytelling, Extremely Fun, Single Player, Educational, Quickly Understand the Controls, Great for Beginners",,25.22
LEGO® Star Wars™: The Skywalker Saga,2024-12-05,2024,False,True,True,49.99,Warner Bros. Games,"Action, Diverse Characters, RELAXING, Cloud Saves, Achievements, Easy Combat, Windows, Co-op, Recommend this Game, Multiplayer, Amazing Characters, Amazing Storytelling, Great Boss Battles, Extremely Fun, Single Player, Adventure, Quickly Understand the Controls, Great for Beginners",82.0,
LEGO® Star Wars™: The Skywalker Saga,2024-12-05,2024,False,True,True,49.99,Warner Bros. Games,"Action, Diverse Characters, RELAXING, Cloud Saves, Achievements, Easy Combat, Windows, Co-op, Recommend this Game, Multiplayer, Amazing Characters, Amazing Storytelling, Great Boss Battles, Extremely Fun, Single Player, Adventure, Quickly Understand the Controls, Great for Beginners",82.0,
Brotato,2024-11-28,2024,False,True,True,4.99,Blobfish Games,"Action, Diverse Characters, RELAXING, Cloud Saves, Achievements, Creative Community, Challenging Combat, Windows, Controller Support, Playful Visuals, Recommend this Game, Amazing Characters, Amazing Storytelling, Great Boss Battles, Extremely Fun, RPG, Single Player, Rogue-Lite, Inclusive Character Customization, Quickly Understand the Controls, Local Multiplayer, Mac OS, Great for Beginners",76.0,5.38
Beholder,2024-11-21,2024,False,True,True,13.99,Plug In Digital SAS,"Narration, Impact the Story, Achievements, Single Player, Strategy, Windows, Adventure",75.0,6.08
Castlevania Anniversary Collection,2024-11-14,2024,False,True,True,19.99,KONAMI,"Action, Great for Quick Sessions, Diverse Characters, Achievements, Challenging Combat, Windows, Controller Support, Retro, Recommend this Game, Amazing Characters, Amazing Storytelling, Great Boss Battles, Extremely Fun, Single Player, Quickly Understand the Controls, Platformer",81.0,22.51
Snakebird Complete,2024-11-14,2024,True,True,True,14.99,Astra Logical,"Puzzle, Cloud Saves, Single Player, Windows, Challenging Puzzles, Mac OS",,4.27
Apex Legends™: Ash Free Unlock Bundle,2024-11-07,2024,False,False,False,,,,89.0,
Deceive Inc.,2024-11-07,2024,False,True,True,19.99,Tripwire Presents,"Diverse Characters, Competitive Community, Achievements, Challenging Combat, Windows, Controller Support, Playful Visuals, Recommend this Game, Multiplayer, Competitive, Amazing Characters, Amazing Storytelling, Extremely Fun, Cross Platform, Shooter, Strategy, Quickly Understand the Controls, Great for Beginners",75.0,10.05
Ghostwire: Tokyo,2024-10-31,2024,True,True,True,59.99,Bethesda Softworks,"Action, Diverse Characters, RELAXING, Cloud Saves, Creative Community, Windows, Recommend this Game, Amazing Characters, Amazing Storytelling, Great Boss Battles, Extremely Fun, Action-Adventure, Single Player, Adventure, Quickly Understand the Controls, Great for Beginners",75.0,11.35
Ghostwire: Tokyo,2024-10-31,2024,True,True,True,59.99,Bethesda Softworks,"Action, Diverse Characters, RELAXING, Cloud Saves, Creative Community, Windows, Recommend this Game, Amazing Characters, Amazing Storytelling, Great Boss Battles, Extremely Fun, Action-Adventure, Single Player, Adventure, Quickly Understand the Controls, Great for Beginners",75.0,11.35
Witch It,2024-10-31,2024,False,True,True,19.99,Barrel Roll Games GmbH & Co. KG,"Action, Online Multiplayer, Great for Quick Sessions, Diverse Characters, RELAXING, Windows, Epic Savings, Indie, Playful Visuals, Recommend this Game, Amazing Characters, Amazing Storytelling, Extremely Fun, Quickly Understand the Controls, Great for Beginners",,1.58
Moving Out,2024-10-24,2024,True,True,True,24.99,Team17,"Great for Quick Sessions, Diverse Characters, RELAXING, Cloud Saves, Windows, Casual, Co-op, Playful Visuals, Recommend this Game, Amazing Characters, Amazing Storytelling, Extremely Fun, Party, Single Player, Quickly Understand the Controls, Great for Beginners",74.0,5.22
Moving Out,2024-10-24,2024,True,True,True,24.99,Team17,"Great for Quick Sessions, Diverse Characters, RELAXING, Cloud Saves, Windows, Casual, Co-op, Playful Visuals, Recommend this Game, Amazing Characters, Amazing Storytelling, Extremely Fun, Party, Single Player, Quickly Understand the Controls, Great for Beginners",74.0,5.22
Invincible Presents: Atom Eve,2024-10-17,2024,True,True,True,9.99,"Skybound Game Studios, Inc.","Narration, Impact the Story, Achievements, Single Player, Windows, Adventure",79.0,4.5
Kardboard Kings,2024-10-17,2024,False,True,True,19.99,Akupara Games,"Simulation, Great for Quick Sessions, RELAXING, Extremely Fun, Single Player, Windows, Great for Beginners",,3.18
Empyrion - Galactic Survival,2024-10-10,2024,False,True,True,19.99,Eleon Game Studios SA,"Online Multiplayer, Space, RELAXING, Gift A Game, Creative Community, Windows, Co-op, Recommend this Game, Amazing Storytelling, Extremely Fun, Survival, Single Player, Open World, Local Multiplayer",,
Outliver: Tribulation,2024-10-10,2024,False,True,True,7.99,Plug In Digital SAS,"Horror, Achievements, Action-Adventure, Shooter, Single Player, Windows, Controller Support",,2.45
World of Warships x TMNT — Mission: Free Permanent Camo Unlock,2024-10-05,2024,False,False,False,,,,81.0,
Bear and Breakfast,2024-09-26,2024,False,True,True,19.99,Armor Games Studios,"Diverse Characters, RELAXING, Creative Community, Easy Combat, Windows, Controller Support, Casual, Playful Visuals, Simulation, Recommend this Game, Amazing Characters, Amazing Storytelling, Extremely Fun, Single Player, Adventure, Quickly Understand the Controls, Great for Beginners",72.0,21.61
The Spirit and the Mouse,2024-09-19,2024,False,True,True,19.99,Armor Games Studios,"Puzzle, Achievements, Single Player, Windows, Adventure, Controller Support, Platformer, Easy Puzzles",82.0,4.14
The Last Stand: Aftermath,2024-09-19,2024,False,True,True,24.99,Armor Games Studios,"Action, Recommend this Game, RELAXING, Amazing Storytelling, Extremely Fun, Cloud Saves, Shooter, Windows, Quickly Understand the Controls, Controller Support, Great for Beginners",73.0,21.5
TOEM,2024-09-19,2024,False,True,True,19.99,Something We Made,"Puzzle, Exploration, Single Player, Windows, Adventure, Controller Support, Mac OS",79.0,3.34
Rugrats: Adventures in Gameland,2024-09-12,2024,False,True,True,24.99,The MIX Games Inc.,"Action, Co-op, Great Boss Battles, Cloud Saves, Action-Adventure, Single Player, Windows",74.0,1.67
SUPER CRAZY RHYTHM CASTLE,2024-09-12,2024,False,True,True,19.99,KONAMI,"Action, Online Multiplayer, Diverse Characters, Cloud Saves, Achievements, Challenging Combat, Windows, Indie, Co-op, Puzzle, Great Boss Battles, Single Player, Quickly Understand the Controls, Challenging Puzzles, Local Multiplayer",60.0,6.42
Football Manager 2024,2024-09-05,2024,False,True,False,,,,84.0,138.52
Sniper Ghost Warrior Contracts,2024-09-05,2024,False,True,True,29.99,CI Games ,"RELAXING, Competitive Community, Cloud Saves, Achievements, Creative Community, Challenging Combat, Windows, First Person, Realistic Visuals, Recommend this Game, Amazing Characters, Amazing Storytelling, Extremely Fun, Shooter, Single Player, Stealth, Quickly Understand the Controls, Great for Beginners",71.0,11.93
Fallout: A Post Nuclear Role Playing Game,2024-08-29,2024,True,True,True,9.99,Bethesda Softworks,"Diverse Characters, RELAXING, Cloud Saves, Challenging Combat, Windows, Unique Visuals, Recommend this Game, Amazing Characters, Amazing Storytelling, Extremely Fun, RPG, Single Player, Open World, Inclusive Character Customization",,16.2
Fallout 2: A Post Nuclear Role Playing Game,2024-08-29,2024,True,True,True,9.99,Bethesda Softworks,"Diverse Characters, RELAXING, Cloud Saves, Creative Community, Challenging Combat, Windows, Unique Visuals, Recommend this Game, Amazing Characters, Amazing Storytelling, Extremely Fun, RPG, Single Player, Open World, Inclusive Character Customization, Quickly Understand the Controls",,
Fallout Tactics: Brotherhood of Steel,2024-08-29,2024,True,True,True,9.99,Bethesda Softworks,"Turn-Based Strategy, Diverse Characters, RELAXING, Cloud Saves, Creative Community, Challenging Combat, Windows, Unique Visuals, Recommend this Game, Amazing Characters, Amazing Storytelling, Extremely Fun, RPG, Single Player, Strategy, Inclusive Character Customization, Quickly Understand the Controls",82.0,25.57
Wild Card Football,2024-08-29,2024,False,True,False,,,,72.0,28.23
Gigantic: Rampage Edition,2024-08-22,2024,False,True,True,19.99,Arc Games,"Action, Online Multiplayer, Competitive, Gift A Game, Achievements, Windows, Controller Support",65.0,23.2
The Callisto Protocol,2024-08-22,2024,False,True,True,59.99,"KRAFTON, Inc.","Horror, Recommend this Game, Amazing Characters, Amazing Storytelling, Extremely Fun, Creative Community, Achievements, Shooter, Single Player, Windows, Controller Support, Quickly Understand the Controls",69.0,10.1
The Callisto Protocol,2024-08-22,2024,False,True,True,59.99,"KRAFTON, Inc.","Horror, Recommend this Game, Amazing Characters, Amazing Storytelling, Extremely Fun, Creative Community, Achievements, Shooter, Single Player, Windows, Controller Support, Quickly Understand the Controls",69.0,10.1
Death's Gambit: Afterlife,2024-08-15,2024,False,True,True,19.99,Serenity Forge,"Diverse Characters, RELAXING, Challenging Combat, Serenity Forge Publisher Sale, Windows, Unique Visuals, Recommend this Game, Amazing Characters, Amazing Storytelling, Extremely Fun, RPG, Single Player, Inclusive Character Customization, Quickly Understand the Controls",78.0,14.35
World of Warships — Starter Pack: Albany,2024-08-15,2024,False,False,False,,,,81.0,
Apex Legends™: Conduit Free Unlock Bundle,2024-08-08,2024,False,False,False,,,,89.0,
CYGNI - All Guns Blazing,2024-08-08,2024,False,True,True,29.99,KONAMI,"Action, Co-op, Great Boss Battles, Cloud Saves, Shooter, Single Player, Windows, Controller Support",74.0,
DNF Duel,2024-08-08,2024,True,True,True,49.99,NEXON,"Fighting, Online Multiplayer, Great for Quick Sessions, Diverse Characters, Competitive Community, Achievements, Windows, Controller Support, Recommend this Game, Amazing Characters, Amazing Storytelling, Extremely Fun, Single Player, Quickly Understand the Controls, Great for Beginners",80.0,1.62
LumbearJack,2024-08-01,2024,False,True,True,12.99,Armor Games Studios,"Casual, Puzzle, Single Player, Windows, Controller Support, Easy Puzzles",,1.55
RAWMEN: Food Fighter Arena 🍜,2024-08-01,2024,False,True,True,0.0,tinyBuild Games,"Action, Online Multiplayer, Great for Quick Sessions, RELAXING, Achievements, Windows, Controller Support, Indie, Playful Visuals, Recommend this Game, Competitive, Amazing Characters, Amazing Storytelling, Extremely Fun, Shooter, Quickly Understand the Controls, Great for Beginners",,
F.I.S.T.: Forged In Shadow Torch,2024-07-25,2024,True,True,True,29.99,Antiidelay,"Action, Diverse Characters, RELAXING, Creative Community, Windows, Unique Visuals, Recommend this Game, Amazing Characters, Amazing Storytelling, Great Boss Battles, Extremely Fun, Single Player, Quickly Understand the Controls, Platformer, Metroidvania, Great for Beginners",80.0,12.47
F.I.S.T.: Forged In Shadow Torch,2024-07-25,2024,True,True,True,29.99,Antiidelay,"Action, Diverse Characters, RELAXING, Creative Community, Windows, Unique Visuals, Recommend this Game, Amazing Characters, Amazing Storytelling, Great Boss Battles, Extremely Fun, Single Player, Quickly Understand the Controls, Platformer, Metroidvania, Great for Beginners",80.0,12.47
F.I.S.T.: Forged In Shadow Torch,2024-07-25,2024,True,True,True,29.99,Antiidelay,"Action, Diverse Characters, RELAXING, Creative Community, Windows, Unique Visuals, Recommend this Game, Amazing Characters, Amazing Storytelling, Great Boss Battles, Extremely Fun, Single Player, Quickly Understand the Controls, Platformer, Metroidvania, Great for Beginners",80.0,12.47
Olympics™ Go! Paris 2024 - Exclusive Outfits pack,2024-07-25,2024,False,False,False,,,,,
Arcade Paradise,2024-07-18,2024,False,True,True,19.99,Wired Productions,"RELAXING, Achievements, Windows, Indie, Co-op, Recommend this Game, Amazing Characters, Amazing Storytelling, Extremely Fun, Single Player, Quickly Understand the Controls, Local Multiplayer, Great for Beginners",73.0,25.0
Maid of Sker,2024-07-18,2024,False,True,True,24.99,Wales Interactive,"Horror, Extremely Fun, Achievements, Creative Community, Action-Adventure, Single Player, Windows, Epic Savings, Controller Support, Quickly Understand the Controls, Indie, Great for Beginners",64.0,4.43
Floppy Knights,2024-07-11,2024,False,True,True,7.99,Rose City Games,"Turn-Based Strategy, Diverse Characters, RELAXING, Achievements, Creative Community, Windows, Controller Support, Indie, Playful Visuals, Recommend this Game, Amazing Characters, Amazing Storytelling, Extremely Fun, Single Player, Card Game, Quickly Understand the Controls, Mac OS, Great for Beginners",69.0,9.68
The Falconeer: Standard Edition,2024-07-04,2024,False,True,True,19.99,Wired Productions,"Action, Single Player, Open World, Windows, Indie",75.0,
Sunless Skies: Sovereign Edition,2024-06-27,2024,False,True,True,24.99,Failbetter Games,"Horror, Diverse Characters, RELAXING, Cloud Saves, Promotional Content, Achievements, Creative Community, Challenging Combat, Windows, Controller Support, Unique Visuals, Recommend this Game, Amazing Characters, Amazing Storytelling, Extremely Fun, RPG, Single Player, Rogue-Lite, Inclusive Character Customization, Quickly Understand the Controls, Mac OS",,
Freshly Frosted,2024-06-20,2024,False,True,True,9.99,The Quantum Astrophysicists Guild,"Simulation, Puzzle, Achievements, Single Player, Windows, Controller Support, Challenging Puzzles, Indie",85.0,6.13
Rumble Club - Free Game of the Week Bonus,2024-06-20,2024,False,False,False,,,,82.0,
Crime Boss: Rockay City - Cagnali's Order,2024-06-18,2024,False,False,False,,,,,
Crime Boss: Rockay City - Dragon's Gold Cup,2024-06-18,2024,False,False,False,,,,,
Crime Boss: Rockay City - Heavy Hitters Pack,2024-06-18,2024,False,False,False,,,,52.0,
Crime Boss: Rockay City - Tactical Weapon Pack,2024-06-18,2024,False,False,False,,,,52.0,
Idle Champions of the Forgotten Realms - Dungeon & Dragons Pack,2024-06-13,2024,False,False,False,,,,,
Redout 2,2024-06-13,2024,False,True,True,19.99,Saber Interactive,"Great for Quick Sessions, RELAXING, Competitive Community, Cloud Saves, Achievements, Challenging Combat, Windows, Beautiful Visuals, Recommend this Game, Multiplayer, Amazing Characters, Extremely Fun, Single Player, Racing, Quickly Understand the Controls",78.0,32.58
Marvel’s Midnight Suns,2024-06-06,2024,False,True,True,59.99,2K,"Turn-Based Strategy, Diverse Characters, RELAXING, TACTICAL RPG, Creative Community, Windows, STRATEGY RPG, Recommend this Game, Amazing Characters, Amazing Storytelling, Extremely Fun, RPG, Single Player, Strategy, Inclusive Character Customization, Quickly Understand the Controls, Great for Beginners",83.0,
Chivalry 2,2024-05-30,2024,False,True,True,39.99,Tripwire Interactive,"Action, Fighting, Multiplayer, Windows, First Person",82.0,13.29
Chivalry 2,2024-05-30,2024,False,True,True,39.99,Tripwire Interactive,"Action, Fighting, Multiplayer, Windows, First Person",82.0,13.29
"Warhammer 40,000: Gladius - Relics of War",2024-05-23,2024,True,True,True,39.99,Slitherine Ltd.,"Online Multiplayer, Diverse Characters, RELAXING, Competitive Community, Cloud Saves, Turn-Based, Windows, 4X, Co-op, Recommend this Game, Amazing Characters, Amazing Storytelling, Extremely Fun, Single Player, Strategy, Quickly Understand the Controls",71.0,11.04
Farming Simulator 22,2024-05-23,2024,False,True,True,29.99,GIANTS Software GmbH,"Diverse Characters, RELAXING, Cloud Saves, Creative Community, Windows, Co-op, Simulation, Recommend this Game, Multiplayer, Amazing Characters, Amazing Storytelling, Extremely Fun, Single Player, Educational, Quickly Understand the Controls, Great for Beginners",75.0,163.25
Echo Starter Pack,2024-05-22,2024,False,False,False,,,,,
Dragon Age: Inquisition - Game of the Year Edition,2024-05-16,2024,False,True,True,39.99,Electronic Arts,"Action, Diverse Characters, RELAXING, EA Play, Promotional Content, Achievements, EA Play Included, EA Play Discount, Windows, Epic Savings, Beautiful Visuals, Co-op, Recommend this Game, Amazing Characters, Amazing Storytelling, Great Boss Battles, Extremely Fun, RPG, Single Player, Inclusive Character Customization, Adventure, Quickly Understand the Controls, Great for Beginners",,51.19
Circus Electrique,2024-05-09,2024,False,True,True,19.99,Zen Studios,"Diverse Characters, RELAXING, Cloud Saves, Achievements, Creative Community, Windows, Indie, Recommend this Game, Amazing Characters, Amazing Storytelling, Extremely Fun, RPG, Single Player, Strategy, Quickly Understand the Controls, Great for Beginners",70.0,16.15
Firestone Online Idle RPG - Special Offer,2024-05-09,2024,False,False,False,,,,,
Cat Quest 2,2024-05-02,2024,False,True,True,14.99,Kepler Interactive,"Diverse Characters, RELAXING, Cloud Saves, Achievements, Windows, Co-op, Casual, Playful Visuals, Recommend this Game, Amazing Characters, Amazing Storytelling, Extremely Fun, RPG, Action-Adventure, Single Player, Inclusive Character Customization, Quickly Understand the Controls, Great for Beginners",74.0,7.56
Orcs Must Die! 3,2024-05-02,2024,False,True,True,29.99,Robot Entertainment,"Action, Diverse Characters, RELAXING, Gift A Game, Cloud Saves, Achievements, Creative Community, Windows, Controller Support, Co-op, Playful Visuals, Tower Defense, Recommend this Game, Amazing Characters, Amazing Storytelling, Great Boss Battles, Extremely Fun, Cross Platform, Single Player, Strategy, Quickly Understand the Controls, Great for Beginners",77.0,10.11
Orcs Must Die! 3,2024-05-02,2024,False,True,True,29.99,Robot Entertainment,"Action, Diverse Characters, RELAXING, Gift A Game, Cloud Saves, Achievements, Creative Community, Windows, Controller Support, Co-op, Playful Visuals, Tower Defense, Recommend this Game, Amazing Characters, Amazing Storytelling, Great Boss Battles, Extremely Fun, Cross Platform, Single Player, Strategy, Quickly Understand the Controls, Great for Beginners",77.0,10.11
INDUSTRIA,2024-04-25,2024,False,True,True,19.99,Headup,"Action, Cloud Saves, Shooter, Single Player, Windows, Adventure",67.0,3.08
LISA: The Joyful - Definitive Edition,2024-04-25,2024,False,True,True,9.99,Serenity Forge,"RPG, Achievements, Single Player, Serenity Forge Publisher Sale, Windows, Adventure, Controller Support, Indie",54.0,
LISA: The Painful - Definitive Edition,2024-04-25,2024,False,True,True,19.99,Serenity Forge,"Diverse Characters, Achievements, Challenging Combat, Serenity Forge Publisher Sale, Windows, Controller Support, Indie, Unique Visuals, Recommend this Game, Amazing Characters, Amazing Storytelling, Extremely Fun, RPG, Single Player, Inclusive Character Customization, Adventure, Quickly Understand the Controls",,10.87
The Big Con,2024-04-18,2024,False,True,True,14.99,Skybound Games,"Single Player, Windows, Comedy, Adventure, Indie",77.0,4.35
Town of Salem 2,2024-04-18,2024,False,True,False,,,,,0.0
Ghostrunner,2024-04-11,2024,True,True,True,29.99,505 Games,"Action, Diverse Characters, Cloud Saves, Creative Community, Windows, SCI-FI, Unique Visuals, Recommend this Game, Amazing Characters, Amazing Storytelling, Great Boss Battles, Extremely Fun, Shooter, Single Player, Quickly Understand the Controls",81.0,7.09
Ghostrunner,2024-04-11,2024,True,True,True,29.99,505 Games,"Action, Diverse Characters, Cloud Saves, Creative Community, Windows, SCI-FI, Unique Visuals, Recommend this Game, Amazing Characters, Amazing Storytelling, Great Boss Battles, Extremely Fun, Shooter, Single Player, Quickly Understand the Controls",81.0,7.09
The Outer Worlds: Spacer's Choice Edition,2024-04-04,2024,True,True,True,39.99,Xbox Game Studios,"Action, Diverse Characters, RELAXING, Cloud Saves, Creative Community, Windows, Controller Support, Recommend this Game, Amazing Characters, Amazing Storytelling, Extremely Fun, RPG, Shooter, Single Player, Inclusive Character Customization, Quickly Understand the Controls, Great for Beginners",72.0,17.74
The Outer Worlds: Spacer's Choice Edition,2024-04-04,2024,True,True,True,39.99,Xbox Game Studios,"Action, Diverse Characters, RELAXING, Cloud Saves, Creative Community, Windows, Controller Support, Recommend this Game, Amazing Characters, Amazing Storytelling, Extremely Fun, RPG, Shooter, Single Player, Inclusive Character Customization, Quickly Understand the Controls, Great for Beginners",72.0,17.74
Thief,2024-04-04,2024,False,True,False,,,,67.0,10.97
Islets,2024-03-28,2024,False,True,True,19.99,Armor Games Studios,"Great for Quick Sessions, Diverse Characters, RELAXING, Exploration, Creative Community, Windows, Controller Support, Recommend this Game, Amazing Characters, Amazing Storytelling, Extremely Fun, Action-Adventure, Single Player, Quickly Understand the Controls, Platformer, Great for Beginners",82.0,7.33
World of Warships — Starter Pack: Dreadnought,2024-03-21,2024,False,False,False,,,,81.0,
Call of the Wild: The Angler™,2024-03-21,2024,False,True,True,29.99,Expansive Worlds,"RELAXING, 1124, Cloud Saves, Achievements, Windows, Casual, Simulation, Recommend this Game, Amazing Storytelling, Extremely Fun, Single Player, Educational, Open World, Quickly Understand the Controls, Great for Beginners",63.0,
Invincible Presents: Atom Eve,2024-03-21,2024,False,True,True,9.99,"Skybound Game Studios, Inc.","Narration, Impact the Story, Achievements, Single Player, Windows, Adventure",79.0,4.5
The Sims™ 4 - Backyard Stuff,2024-03-14,2024,False,False,False,,,,,
Deus Ex: Mankind Divided,2024-03-14,2024,False,True,True,29.99,Eidos Interactive Corporation,"Diverse Characters, RELAXING, Cloud Saves, Achievements, Creative Community, Windows, Recommend this Game, Amazing Characters, Amazing Storytelling, Extremely Fun, Action-Adventure, Single Player, Stealth, Quickly Understand the Controls",84.0,15.95
The Bridge,2024-03-14,2024,True,True,True,9.99,The Quantum Astrophysicists Guild,"Puzzle, Single Player, Windows, Adventure, Controller Support",,3.46
Astro Duel 2,2024-03-07,2024,False,True,True,19.99,Wild Rooster,"Action, Cloud Saves, Achievements, Windows, Controller Support, Co-op, Competitive, Great Boss Battles, Party, Cross Platform, Single Player, Platformer, Local Multiplayer, Mac OS, Great for Beginners",,1.39
Aerial_Knight's Never Yield,2024-02-29,2024,False,True,True,4.99,Headup,"Action, Cloud Saves, Windows, Controller Support, Indie",65.0,1.47
Super Meat Boy Forever,2024-02-22,2024,False,True,True,19.99,Team Meat,"Action, Single Player, Windows, Platformer",66.0,4.35
Dakar Desert Rally,2024-02-15,2024,False,True,True,29.99,Saber Interactive Inc,"RELAXING, Competitive Community, Windows, Realistic Visuals, Simulation, Recommend this Game, Multiplayer, Amazing Characters, Amazing Storytelling, Extremely Fun, Single Player, Racing, Quickly Understand the Controls, Great for Beginners",69.0,19.33
Dying Light - Shu Warrior Bundle,2024-02-08,2024,False,False,False,,,,74.0,
Doki Doki Literature Club Plus!,2024-02-08,2024,False,True,True,14.99,Serenity Forge,"Horror, Diverse Characters, RELAXING, Creative Community, Serenity Forge Publisher Sale, Windows, Recommend this Game, Amazing Characters, Amazing Storytelling, Extremely Fun, RPG, Single Player, Educational, Inclusive Character Customization, Quickly Understand the Controls, Mac OS, Great for Beginners",85.0,4.61
Lost Castle,2024-02-08,2024,False,True,True,9.99,Another Indie Studio Limited,"Diverse Characters, RELAXING, Cloud Saves, Windows, Controller Support, Co-op, Playful Visuals, Dungeon Crawler, Recommend this Game, Amazing Characters, Extremely Fun, RPG, Single Player, Rogue-Lite, Inclusive Character Customization, Quickly Understand the Controls, Great for Beginners",,12.19
Doors: Paradox,2024-02-01,2024,False,True,True,14.99,Snapbreak Games AB,"Casual, Great for Quick Sessions, Puzzle, Recommend this Game, RELAXING, Single Player, Windows, Adventure, Quickly Understand the Controls, Great for Beginners",,5.41
Infinifactory,2024-01-25,2024,False,True,True,24.99,Alliance Metaversal Studio LLC,"RELAXING, Creative Community, Challenging Combat, Windows, First Person, Puzzle, Recommend this Game, Extremely Fun, Single Player, Educational, Quickly Understand the Controls, Challenging Puzzles, Mac OS",70.0,37.91
"LOVE (enhanced version, 2014)",2024-01-18,2024,False,True,False,,,,,
"LOVE Classic (classic version, 2008 recoded in 2020)",2024-01-18,2024,False,True,False,,,,79.0,
Sail Forth,2024-01-11,2024,False,True,True,19.99,The Quantum Astrophysicists Guild,"RELAXING, Exploration, Achievements, Creative Community, Easy Combat, Windows, Controller Support, Indie, Playful Visuals, Recommend this Game, Amazing Storytelling, Extremely Fun, Single Player, Adventure, Quickly Understand the Controls, Great for Beginners",77.0,16.21
Marvel's Guardians of the Galaxy,2024-01-04,2024,False,True,True,59.99,Square Enix,"Action, Diverse Characters, RELAXING, Cloud Saves, Windows, Controller Support, Recommend this Game, Amazing Characters, Amazing Storytelling, Great Boss Battles, Extremely Fun, Action-Adventure, Single Player, Adventure, Quickly Understand the Controls, Great for Beginners",80.0,17.6
A Plague Tale: Innocence,2024-01-03,2024,True,True,True,39.99,Focus Entertainment,"Action, Diverse Characters, RELAXING, Cloud Saves, Creative Community, Windows, Recommend this Game, Amazing Characters, Amazing Storytelling, Great Boss Battles, Extremely Fun, Single Player, Educational, Adventure, Quickly Understand the Controls, Great for Beginners",81.0,10.94
A Plague Tale: Innocence,2024-01-03,2024,True,True,True,39.99,Focus Entertainment,"Action, Diverse Characters, RELAXING, Cloud Saves, Creative Community, Windows, Recommend this Game, Amazing Characters, Amazing Storytelling, Great Boss Battles, Extremely Fun, Single Player, Educational, Adventure, Quickly Understand the Controls, Great for Beginners",81.0,10.94
20 Minutes Till Dawn,2024-01-02,2024,False,True,True,4.99,flanne,"Action, Diverse Characters, RELAXING, Windows, Indie, Unique Visuals, Recommend this Game, Amazing Characters, Great Boss Battles, Extremely Fun, Single Player, Rogue-Lite, Quickly Understand the Controls, Great for Beginners",,3.65
Escape Academy,2024-01-01,2024,False,True,True,19.99,iam8bit,"Online Multiplayer, Cloud Saves, Challenging Combat, Windows, First Person, Co-op, Playful Visuals, Puzzle, Recommend this Game, Amazing Storytelling, Single Player, Educational, Adventure, Quickly Understand the Controls, Challenging Puzzles, Local Multiplayer, Great for Beginners",79.0,5.01
Escape Academy,2024-01-01,2024,False,True,True,19.99,iam8bit,"Online Multiplayer, Cloud Saves, Challenging Combat, Windows, First Person, Co-op, Playful Visuals, Puzzle, Recommend this Game, Amazing Storytelling, Single Player, Educational, Adventure, Quickly Understand the Controls, Challenging Puzzles, Local Multiplayer, Great for Beginners",79.0,5.01
Ghostrunner,2023-12-31,2023,False,True,True,29.99,505 Games,"Action, Diverse Characters, Cloud Saves, Creative Community, Windows, SCI-FI, Unique Visuals, Recommend this Game, Amazing Characters, Amazing Storytelling, Great Boss Battles, Extremely Fun, Shooter, Single Player, Quickly Understand the Controls",81.0,7.09
Ghostrunner,2023-12-31,2023,False,True,True,29.99,505 Games,"Action, Diverse Characters, Cloud Saves, Creative Community, Windows, SCI-FI, Unique Visuals, Recommend this Game, Amazing Characters, Amazing Storytelling, Great Boss Battles, Extremely Fun, Shooter, Single Player, Quickly Understand the Controls",81.0,7.09
Saints Row,2023-12-30,2023,False,True,True,29.99,Deep Silver,"Action, Diverse Characters, RELAXING, Silly Community, Cloud Saves, Windows, Controller Support, Co-op, Recommend this Game, Amazing Characters, Amazing Storytelling, Extremely Fun, Action-Adventure, Shooter, Single Player, Open World, Adventure, Quickly Understand the Controls, Great for Beginners",61.0,12.6
Snakebird Complete,2023-12-29,2023,False,True,True,14.99,Astra Logical,"Puzzle, Cloud Saves, Single Player, Windows, Challenging Puzzles, Mac OS",,4.27
Cat Quest,2023-12-28,2023,False,True,True,12.99,Kepler Interactive,"RELAXING, Cloud Saves, Achievements, Windows, Epic Savings, Controller Support, Casual, Playful Visuals, Recommend this Game, Amazing Characters, Amazing Storytelling, Extremely Fun, RPG, Action-Adventure, Single Player, Inclusive Character Customization, Quickly Understand the Controls, Great for Beginners",74.0,5.62
Cat Quest,2023-12-28,2023,False,True,True,12.99,Kepler Interactive,"RELAXING, Cloud Saves, Achievements, Windows, Epic Savings, Controller Support, Casual, Playful Visuals, Recommend this Game, Amazing Characters, Amazing Storytelling, Extremely Fun, RPG, Action-Adventure, Single Player, Inclusive Character Customization, Quickly Understand the Controls, Great for Beginners",74.0,5.62
Cursed to Golf,2023-12-27,2023,False,True,True,19.99,Thunderful Publishing,"Action, Sports, Great Boss Battles, Single Player, Windows, Controller Support, Indie",80.0,6.45
Human Resource Machine,2023-12-26,2023,False,True,True,14.99,Tomorrow Corporation,"Puzzle, Single Player, Windows, OSX, Programming, Indie",78.0,4.39
The Outer Worlds: Spacer's Choice Edition,2023-12-25,2023,False,True,True,39.99,Xbox Game Studios,"Action, Diverse Characters, RELAXING, Cloud Saves, Creative Community, Windows, Controller Support, Recommend this Game, Amazing Characters, Amazing Storytelling, Extremely Fun, RPG, Shooter, Single Player, Inclusive Character Customization, Quickly Understand the Controls, Great for Beginners",72.0,17.74
The Outer Worlds: Spacer's Choice Edition,2023-12-25,2023,False,True,True,39.99,Xbox Game Studios,"Action, Diverse Characters, RELAXING, Cloud Saves, Creative Community, Windows, Controller Support, Recommend this Game, Amazing Characters, Amazing Storytelling, Extremely Fun, RPG, Shooter, Single Player, Inclusive Character Customization, Quickly Understand the Controls, Great for Beginners",72.0,17.74
Ghostwire: Tokyo,2023-12-24,2023,False,True,True,59.99,Bethesda Softworks,"Action, Diverse Characters, RELAXING, Cloud Saves, Creative Community, Windows, Recommend this Game, Amazing Characters, Amazing Storytelling, Great Boss Battles, Extremely Fun, Action-Adventure, Single Player, Adventure, Quickly Understand the Controls, Great for Beginners",75.0,11.35
Ghostwire: Tokyo,2023-12-24,2023,False,True,True,59.99,Bethesda Softworks,"Action, Diverse Characters, RELAXING, Cloud Saves, Creative Community, Windows, Recommend this Game, Amazing Characters, Amazing Storytelling, Great Boss Battles, Extremely Fun, Action-Adventure, Single Player, Adventure, Quickly Understand the Controls, Great for Beginners",75.0,11.35
Fallout 3: Game of the Year Edition,2023-12-23,2023,True,True,True,19.99,Bethesda Softworks,"Diverse Characters, RELAXING, Cloud Saves, Creative Community, Windows, Unique Visuals, Recommend this Game, Amazing Characters, Amazing Storytelling, Extremely Fun, RPG, Single Player, Open World, Inclusive Character Customization, Adventure, Quickly Understand the Controls, Great for Beginners",,26.38
Fallout 3: Game of the Year Edition,2023-12-23,2023,True,True,True,19.99,Bethesda Softworks,"Diverse Characters, RELAXING, Cloud Saves, Creative Community, Windows, Unique Visuals, Recommend this Game, Amazing Characters, Amazing Storytelling, Extremely Fun, RPG, Single Player, Open World, Inclusive Character Customization, Adventure, Quickly Understand the Controls, Great for Beginners",,26.38
art of rally,2023-12-22,2023,False,True,True,24.99,Funselektor Labs Inc.,"Great for Quick Sessions, RELAXING, Competitive Community, Cloud Saves, Achievements, Challenging Combat, Windows, Controller Support, Recommend this Game, Amazing Characters, Amazing Storytelling, Extremely Fun, Physics, Racing, Quickly Understand the Controls, Mac OS, Great for Beginners",79.0,16.18
Melvor Idle,2023-12-21,2023,False,True,True,9.99,Jagex,"RELAXING, Creative Community, Windows, Indie, Unique Visuals, Recommend this Game, Amazing Storytelling, Extremely Fun, RPG, Single Player, Strategy, Inclusive Character Customization, Quickly Understand the Controls, Mac OS, Great for Beginners",,1131.92
DNF Duel,2023-12-20,2023,False,True,True,49.99,NEXON,"Fighting, Online Multiplayer, Great for Quick Sessions, Diverse Characters, Competitive Community, Achievements, Windows, Controller Support, Recommend this Game, Amazing Characters, Amazing Storytelling, Extremely Fun, Single Player, Quickly Understand the Controls, Great for Beginners",80.0,1.62
Destiny 2: The Witch Queen,2023-12-13,2023,False,False,False,,,,86.0,
Destiny 2: Beyond Light,2023-12-13,2023,False,False,False,,,,73.0,
Destiny 2: Shadowkeep,2023-12-13,2023,False,False,False,,,,73.0,
"Warhammer 40,000: Rogue Trader - Limited Outfit Pack",2023-12-07,2023,False,False,False,,,,86.0,
Gigabash,2023-12-07,2023,False,True,True,24.99,PassionRepublic Games ,"Action, Fighting, Great for Quick Sessions, Diverse Characters, Competitive Community, Cloud Saves, Achievements, Windows, Controller Support, Casual, Recommend this Game, Amazing Characters, Amazing Storytelling, Extremely Fun, Party, Single Player, Quickly Understand the Controls, Local Multiplayer, Online Multiplayer, RELAXING, Indie, Co-op, Great Boss Battles, Cross Platform, Great for Beginners",73.0,2.63
Predecessor,2023-12-07,2023,False,True,True,0.0,Omeda Studios,"Action, Online Multiplayer, Diverse Characters, Competitive Community, Challenging Combat, Windows, Controller Support, Co-op, Recommend this Game, Competitive, Amazing Characters, Extremely Fun, Cross Platform, MOBA, Quickly Understand the Controls",,1.0
The Sims™ 4 - My First Pet Stuff,2023-12-01,2023,False,False,False,,,,,
Jitsu Squad,2023-11-30,2023,False,True,True,19.99,Tanuki Creative Studio,"Action, Co-op, Fighting, Multiplayer, Challenging Combat, Single Player, Windows, Controller Support, Indie",70.0,2.57
Mighty Fight Federation,2023-11-30,2023,False,True,True,29.99,Forthright Entertainment,"Fighting, Multiplayer, Competitive, Windows, Controller Support",69.0,1.43
Deliver Us Mars,2023-11-23,2023,False,True,True,29.99,Frontier Foundry,"Action, RELAXING, Achievements, Windows, Indie, Recommend this Game, Amazing Characters, Amazing Storytelling, Extremely Fun, Single Player, Educational, Adventure, Quickly Understand the Controls",69.0,8.18
EARTHLOCK,2023-11-16,2023,False,True,True,29.99,Snowcastle Games,"Recommend this Game, Amazing Characters, Fantasy, RPG, Single Player, Turn-Based, Windows, Controller Support",73.0,22.1
Surviving the Aftermath,2023-11-16,2023,False,True,True,24.99,Paradox Interactive AB,"Simulation, City Builder, Single Player, Strategy, Windows",69.0,17.78
Suicide Squad: Kill the Justice League,2023-11-15,2023,False,True,True,69.99,Warner Bros. Games,"Action, Diverse Characters, RELAXING, Achievements, Windows, Controller Support, Co-op, Recommend this Game, Multiplayer, Amazing Characters, Amazing Storytelling, Extremely Fun, Action-Adventure, Single Player, Quickly Understand the Controls, Great for Beginners",60.0,11.91
Golden Light,2023-11-09,2023,False,True,False,,,,,8.24
Turnip Boy Commits Tax Evasion,2023-11-02,2023,False,True,True,14.99,Graffiti Games,"Casual, Action-Adventure, Single Player, Windows, Controller Support, Indie",74.0,2.12
Tandem: A Tale of Shadows,2023-10-26,2023,False,True,True,9.99,Hatinh Interactive,"Puzzle, Action-Adventure, Single Player, Windows, Platformer",73.0,4.88
The Evil Within 2,2023-10-26,2023,False,True,True,39.99,Bethesda Softworks,"Horror, Diverse Characters, Achievements, Creative Community, Challenging Combat, Windows, Recommend this Game, Amazing Characters, Amazing Storytelling, Extremely Fun, Survival, Shooter, Single Player, Quickly Understand the Controls, Great for Beginners",76.0,13.37
Eternal Threads,2023-10-19,2023,False,True,True,19.99,Secret Mode Limited,"Puzzle, Achievements, Single Player, Windows, Adventure, Indie",73.0,7.26
The Evil Within,2023-10-19,2023,False,True,True,19.99,Bethesda Softworks,"Horror, Diverse Characters, Achievements, Creative Community, Challenging Combat, Windows, Unique Visuals, Recommend this Game, Amazing Characters, Amazing Storytelling, Extremely Fun, Survival, Shooter, Single Player, Quickly Understand the Controls",75.0,15.33
Blazing Sails,2023-10-12,2023,False,True,True,14.99,Iceberg Interactive,"Action, Online Multiplayer, Gift A Game, Competitive Community, Windows, Co-op, Playful Visuals, Recommend this Game, Amazing Characters, Amazing Storytelling, Extremely Fun, Cross Platform, Quickly Understand the Controls, Great for Beginners",,1.5
Q.U.B.E. ULTIMATE BUNDLE,2023-10-12,2023,False,True,False,,,,61.0,
Godlike Burger,2023-10-05,2023,False,True,True,19.99,Daedalic Entertainment,"Action, Great for Quick Sessions, RELAXING, Cloud Saves, Silly Community, Achievements, Windows, Controller Support, Indie, Playful Visuals, Recommend this Game, Amazing Characters, Amazing Storytelling, Extremely Fun, Rogue-Lite, Quickly Understand the Controls, Mac OS, Great for Beginners",60.0,29.82
Model Builder,2023-09-28,2023,False,True,True,19.99,Green Man Gaming Publishing,"Simulation, Recommend this Game, Amazing Characters, RELAXING, Amazing Storytelling, Extremely Fun, Achievements, Creative Community, Single Player, Windows, Quickly Understand the Controls, Great for Beginners",,17.57
Soulstice,2023-09-28,2023,False,True,True,39.99,Maximum Entertainment LLC,"Action, Achievements, Challenging Combat, Windows, Controller Support, Recommend this Game, Amazing Characters, Amazing Storytelling, Great Boss Battles, Extremely Fun, RPG, Adjustable Text, Brightness Adjustments, Adjustable Color Options, Subtitles, Quickly Understand the Controls",68.0,16.59
Out of Line,2023-09-21,2023,False,True,True,7.99,Hatinh Interactive,"Puzzle, Cloud Saves, Action-Adventure, Single Player, Windows, Platformer",69.0,2.86
The Forest Quartet,2023-09-21,2023,False,True,True,9.99,Bedtime Digital Games ApS,"Puzzle, Achievements, Music, Single Player, Windows, Adventure, Controller Support",71.0,1.29
We Were Here Expeditions: The FriendShip,2023-09-14,2023,False,True,True,3.99,TMG Studios B.V.,"Co-op, Online Multiplayer, Puzzle, Gift A Game, Achievements, Cross Platform, Windows, Adventure, Controller Support",82.0,2.01
911 Operator,2023-09-14,2023,False,True,True,14.99,Games Operators S.A.,"Great for Quick Sessions, RELAXING, Achievements, Windows, Indie, Simulation, Unique Visuals, Recommend this Game, Amazing Characters, Amazing Storytelling, Extremely Fun, Single Player, Educational, Strategy, Quickly Understand the Controls, Great for Beginners",68.0,6.34
Spelldrifter,2023-09-07,2023,False,True,True,19.99,Free Range Games,"Cloud Saves, RPG, Single Player, Windows, Controller Support, CCG",,10.65
Cave Story+,2023-08-31,2023,True,True,True,14.99,Nicalis Inc.,"Action, Amazing Storytelling, Great Boss Battles, Cloud Saves, Challenging Combat, Windows, Adventure, Controller Support, Platformer",89.0,6.31
Cave Story+,2023-08-31,2023,True,True,True,14.99,Nicalis Inc.,"Action, Amazing Storytelling, Great Boss Battles, Cloud Saves, Challenging Combat, Windows, Adventure, Controller Support, Platformer",89.0,6.31
Homeworld: Deserts of Kharak,2023-08-24,2023,False,True,True,49.99,Gearbox Publishing,"RELAXING, Achievements, Creative Community, Windows, Recommend this Game, Multiplayer, Amazing Characters, Amazing Storytelling, Extremely Fun, Single Player, Strategy, Quickly Understand the Controls, Great for Beginners",79.0,10.31
Black Book,2023-08-17,2023,False,True,True,24.99,HypeTrain Digital,"Diverse Characters, RELAXING, Kind Community, Cloud Saves, Achievements, Windows, Controller Support, Indie, Unique Visuals, Recommend this Game, Amazing Characters, Amazing Storytelling, Extremely Fun, RPG, Single Player, Educational, Inclusive Character Customization, Adventure, Quickly Understand the Controls, Mac OS, Great for Beginners",75.0,21.3
Dodo Peak,2023-08-17,2023,False,True,True,9.99,Moving Pieces Interactive,"Puzzle, Cloud Saves, Achievements, Single Player, Windows, Controller Support, Retro, Platformer",56.0,2.48
Europa Universalis IV,2023-08-10,2023,True,True,True,49.99,Paradox Development Studio  ,"Diverse Characters, RELAXING, Competitive Community, Challenging Combat, Windows, Simulation, Recommend this Game, Multiplayer, Competitive, Amazing Characters, Amazing Storytelling, Extremely Fun, Single Player, Educational, Strategy, Mac OS",87.0,95.5
Europa Universalis IV,2023-08-10,2023,True,True,True,49.99,Paradox Development Studio  ,"Diverse Characters, RELAXING, Competitive Community, Challenging Combat, Windows, Simulation, Recommend this Game, Multiplayer, Competitive, Amazing Characters, Amazing Storytelling, Extremely Fun, Single Player, Educational, Strategy, Mac OS",87.0,95.5
Orwell: Keeping an Eye on You,2023-08-10,2023,False,True,True,9.99,Osmotic Studios,"Simulation, Narration, Impact the Story, Cloud Saves, Investigation, Single Player, Windows, Mac OS",77.0,4.56
Bloons TD 6,2023-08-03,2023,True,True,True,13.99,Ninja Kiwi,"Online Multiplayer, Diverse Characters, RELAXING, Creative Community, Promotional Content, Windows, Co-op, Playful Visuals, Recommend this Game, Amazing Characters, Amazing Storytelling, Extremely Fun, Cross Platform, Single Player, Strategy, Quickly Understand the Controls, Great for Beginners",,36.42
Bloons TD 6,2023-08-03,2023,True,True,True,13.99,Ninja Kiwi,"Online Multiplayer, Diverse Characters, RELAXING, Creative Community, Promotional Content, Windows, Co-op, Playful Visuals, Recommend this Game, Amazing Characters, Amazing Storytelling, Extremely Fun, Cross Platform, Single Player, Strategy, Quickly Understand the Controls, Great for Beginners",,36.42
Bloons TD 6,2023-08-03,2023,True,True,True,13.99,Ninja Kiwi,"Online Multiplayer, Diverse Characters, RELAXING, Creative Community, Promotional Content, Windows, Co-op, Playful Visuals, Recommend this Game, Amazing Characters, Amazing Storytelling, Extremely Fun, Cross Platform, Single Player, Strategy, Quickly Understand the Controls, Great for Beginners",,36.42
Loop Hero,2023-08-03,2023,True,True,True,14.99,Devolver Digital,"Diverse Characters, RELAXING, Cloud Saves, Creative Community, Windows, Indie, Unique Visuals, Recommend this Game, Amazing Characters, Amazing Storytelling, Extremely Fun, Single Player, Card Game, Quickly Understand the Controls, Mac OS, Great for Beginners",82.0,28.56
Homeworld Remastered Collection,2023-07-27,2023,False,True,True,34.99,Gearbox Publishing,"RELAXING, Achievements, Creative Community, Challenging Combat, Windows, Recommend this Game, Multiplayer, Amazing Characters, Amazing Storytelling, Extremely Fun, Single Player, Strategy, Quickly Understand the Controls",86.0,21.0
Severed Steel,2023-07-27,2023,True,True,True,24.99,Digerati,"Action, FPS, Great for Quick Sessions, RELAXING, Achievements, Creative Community, Windows, Controller Support, Indie, Unique Visuals, Recommend this Game, Amazing Characters, Amazing Storytelling, Great Boss Battles, Extremely Fun, Single Player, Quickly Understand the Controls, Great for Beginners",73.0,3.03
Murder by Numbers,2023-07-20,2023,False,True,True,14.99,The Irregular Corporation,"Great for Quick Sessions, Diverse Characters, RELAXING, Kind Community, Cloud Saves, Windows, Indie, Playful Visuals, Puzzle, Recommend this Game, Amazing Characters, Amazing Storytelling, Extremely Fun, Single Player, Adventure, Quickly Understand the Controls, Great for Beginners",79.0,20.34
The Elder Scrolls Online,2023-07-20,2023,False,True,True,19.99,Bethesda Softworks LLC,"Online Multiplayer, Diverse Characters, RELAXING, Windows, Co-op, Recommend this Game, Amazing Characters, Amazing Storytelling, Extremely Fun, RPG, Single Player, Open World, Inclusive Character Customization, Quickly Understand the Controls, Mac OS, Great for Beginners",71.0,47.9
Train Valley 2,2023-07-13,2023,False,True,True,14.99,Postmeta Games,"Post Meta Publisher Sale, RELAXING, Cloud Saves, Achievements, Creative Community, Challenging Combat, Windows, Playful Visuals, Simulation, Puzzle, Recommend this Game, Competitive, Amazing Characters, Amazing Storytelling, Extremely Fun, Single Player, Strategy, Quickly Understand the Controls, Challenging Puzzles, Great for Beginners",,30.68
GRIME,2023-07-06,2023,False,True,True,24.99,Akupara Games,"Cloud Saves, Achievements, Creative Community, Challenging Combat, Windows, Controller Support, Unique Visuals, Recommend this Game, Amazing Characters, Amazing Storytelling, Extremely Fun, Single Player, Quickly Understand the Controls, Platformer, Metroidvania",81.0,12.4
The Dungeon of Naheulbeuk: The Amulet Of Chaos,2023-06-29,2023,False,True,True,34.99,Dear Villagers,"Diverse Characters, RELAXING, Silly Community, Cloud Saves, Achievements, Windows, Controller Support, Playful Visuals, Recommend this Game, Amazing Characters, Amazing Storytelling, Extremely Fun, RPG, Single Player, Inclusive Character Customization, Adventure, Quickly Understand the Controls, Mac OS, Great for Beginners",72.0,31.85
Idle Champions of the Forgotten Realms - Wulfgar's Legends of Renown Pack,2023-06-22,2023,False,False,False,,,,,
theHunter: Call of the Wild,2023-06-22,2023,True,True,True,19.99,Expansive Worlds,"Online Multiplayer, RELAXING, Windows, First Person, Co-op, Simulation, Recommend this Game, Amazing Characters, Amazing Storytelling, Extremely Fun, Cross Platform, Single Player, Educational, Open World, Quickly Understand the Controls, Great for Beginners",64.0,
Guacamelee! Super Turbo Championship Edition,2023-06-15,2023,False,True,True,14.99,Drinkbox Studios Inc.,"Fighting, Diverse Characters, Cloud Saves, Achievements, Challenging Combat, Windows, Co-op, Recommend this Game, Amazing Characters, Amazing Storytelling, Extremely Fun, Action-Adventure, Single Player, Quickly Understand the Controls, Platformer, Great for Beginners",87.0,7.02
Guacamelee! 2,2023-06-15,2023,False,True,True,19.99,Drinkbox Studios Inc.,"Fighting, Great for Quick Sessions, Diverse Characters, Cloud Saves, Achievements, Challenging Combat, Windows, Controller Support, Co-op, Recommend this Game, Amazing Characters, Amazing Storytelling, Extremely Fun, Action-Adventure, Single Player, Quickly Understand the Controls, Platformer",83.0,8.77
PAYDAY 2,2023-06-08,2023,False,True,True,9.99,New Starbreeze Publishing AB,"Action, Diverse Characters, RELAXING, Gift A Game, Cloud Saves, Achievements, Challenging Combat, Windows, First Person, Co-op, Unique Visuals, Recommend this Game, Amazing Characters, Amazing Storytelling, Great Boss Battles, Extremely Fun, Shooter, Quickly Understand the Controls, Great for Beginners",79.0,27.13
Midnight Ghost Hunt,2023-06-01,2023,False,True,True,19.99,Coffee Stain Publishing,"Action, Great for Quick Sessions, Diverse Characters, RELAXING, Gift A Game, Achievements, Windows, Recommend this Game, Multiplayer, Amazing Characters, Amazing Storytelling, Extremely Fun, Quickly Understand the Controls, Great for Beginners",,2.19
Train Sim World 2 - LGV Méditerranée: Marseille - Avignon,2023-05-26,2023,False,False,False,,,,,
Fallout: New Vegas - Ultimate Edition,2023-05-25,2023,False,True,True,19.99,Bethesda Softworks LLC,"Action, RPG, Achievements, Shooter, Single Player, Windows",,32.67
DEATH STRANDING,2023-05-18,2023,True,True,True,59.99,505 Games,"Action, Action-Adventure, Single Player, Open World, Windows, Adventure",82.0,40.5
DEATH STRANDING,2023-05-18,2023,True,True,True,59.99,505 Games,"Action, Action-Adventure, Single Player, Open World, Windows, Adventure",82.0,40.5
The Sims 4 - Fashion Street Kit,2023-05-11,2023,False,False,False,,,,,
The Sims 4 - Jungle Adventure Game Pack,2023-05-11,2023,False,False,False,,,,70.0,
The Sims 4 - Luxury Party Stuff Pack,2023-05-11,2023,False,False,False,,,,76.0,
Against All Odds,2023-05-04,2023,False,True,True,4.99,Freedom Games,"Action, Sports, Single Player, Windows, Controller Support, Indie",,1.0
Kao the Kangaroo,2023-05-04,2023,False,True,True,29.99,Tate Multimedia,"RELAXING, Cloud Saves, Easy Combat, Windows, Controller Support, Casual, Playful Visuals, Recommend this Game, Amazing Characters, Amazing Storytelling, Extremely Fun, Action-Adventure, Single Player, Quickly Understand the Controls, Platformer, Great for Beginners",65.0,5.6
Horizon Chase Turbo,2023-05-04,2023,True,True,False,,,,82.0,10.21
Horizon Chase Turbo,2023-05-04,2023,True,True,False,,,,82.0,10.21
Breathedge,2023-04-27,2023,False,True,True,24.99,HypeTrain Digital,"Action, Space Sim, RELAXING, Cloud Saves, Easy Combat, Windows, Controller Support, Recommend this Game, Amazing Characters, Amazing Storytelling, Extremely Fun, Survival, Single Player, Quickly Understand the Controls, Great for Beginners",71.0,16.31
Poker Club,2023-04-27,2023,False,True,True,19.99,Ripstone Ltd,"Online Multiplayer, Sports, RELAXING, Competitive Community, Achievements, Windows, Controller Support, Casual, Simulation, Recommend this Game, Single Player, Quickly Understand the Controls, Great for Beginners",50.0,1.5
Beyond Blue,2023-04-20,2023,False,True,True,19.99,E-Line Media,"Casual, Cloud Saves, Single Player, Windows, Adventure, Indie",72.0,2.64
Beyond Blue,2023-04-20,2023,False,True,True,19.99,E-Line Media,"Casual, Cloud Saves, Single Player, Windows, Adventure, Indie",72.0,2.64
Never Alone (Kisima Ingitchuna),2023-04-20,2023,True,True,True,14.99,E-Line Media,"Co-op, Windows, Controller Support, Platformer, Indie",72.0,
MORDHAU,2023-04-13,2023,False,True,True,29.99,Triternion,"Action, Diverse Characters, Gift A Game, Competitive Community, Achievements, Challenging Combat, Windows, Co-op, Recommend this Game, Multiplayer, Competitive, Amazing Characters, Amazing Storytelling, Extremely Fun",81.0,15.79
Second Extinction,2023-04-13,2023,True,True,False,,,,,7.36
Dying Light: Enhanced Edition,2023-04-06,2023,False,True,False,,,,87.0,18.12
shapez,2023-04-06,2023,False,True,True,9.99,tobspr Games,"RELAXING, Creative Community, Windows, Unique Visuals, Puzzle, Recommend this Game, Amazing Characters, Amazing Storytelling, Extremely Fun, Single Player, Educational, Quickly Understand the Controls, Great for Beginners",,26.61
The Silent Age,2023-03-30,2023,False,True,True,9.99,House on Fire,"Puzzle, Single Player, Windows, Adventure, Mac OS, Indie",84.0,3.32
Tunche,2023-03-30,2023,False,True,True,19.99,Hypetrain Digital LTD,"Action, Co-op, Great Boss Battles, Cloud Saves, Single Player, Windows",68.0,7.79
Chess Ultra,2023-03-23,2023,False,True,True,12.99,Ripstone Ltd,"Great for Quick Sessions, Sports, RELAXING, Competitive Community, Achievements, Challenging Combat, Windows, Controller Support, Indie, Casual, Recommend this Game, Multiplayer, Amazing Characters, Amazing Storytelling, Single Player, Educational, Quickly Understand the Controls, Great for Beginners",79.0,1.96
World of Warships — Starter Pack: Ishizuchi,2023-03-23,2023,False,False,False,,,,81.0,
"Warhammer 40,000: Gladius - Relics of War",2023-03-16,2023,False,True,True,39.99,Slitherine Ltd.,"Online Multiplayer, Diverse Characters, RELAXING, Competitive Community, Cloud Saves, Turn-Based, Windows, 4X, Co-op, Recommend this Game, Amazing Characters, Amazing Storytelling, Extremely Fun, Single Player, Strategy, Quickly Understand the Controls",71.0,11.04
Call of the Sea,2023-03-09,2023,False,True,True,19.99,Raw Fury,"Casual, Puzzle, Achievements, Single Player, Windows, Adventure",75.0,5.65
Clash - Lone Fighter Pack,2023-03-09,2023,False,False,False,,,,84.0,
Rise of Industry,2023-03-02,2023,False,True,True,29.99,Kasedo Games Ltd,"RELAXING, Achievements, Creative Community, Windows, Recommend this Game, Amazing Characters, Amazing Storytelling, Extremely Fun, Single Player, Educational, Strategy, Quickly Understand the Controls, Mac OS, Great for Beginners",62.0,18.93
Duskers,2023-02-23,2023,False,True,True,19.99,Misfits Attic,"Great for Quick Sessions, Creative Community, Challenging Combat, Windows, Indie, Simulation, Unique Visuals, Recommend this Game, Amazing Characters, Amazing Storytelling, Extremely Fun, Single Player, Strategy, Quickly Understand the Controls, Mac OS",83.0,8.99
Warpips,2023-02-16,2023,False,True,True,16.99,Daedalic Entertainment,"Great for Quick Sessions, RELAXING, Creative Community, Windows, Controller Support, Playful Visuals, Recommend this Game, Amazing Characters, Amazing Storytelling, Extremely Fun, Single Player, Rogue-Lite, Strategy, Quickly Understand the Controls, Great for Beginners",,6.85
Recipe for Disaster,2023-02-09,2023,False,True,True,16.99,Kasedo Games Ltd,"Diverse Characters, RELAXING, Windows, Casual, Playful Visuals, Simulation, Recommend this Game, Amazing Characters, Amazing Storytelling, Extremely Fun, Single Player, Quickly Understand the Controls, Great for Beginners",,15.72
City of Gangsters,2023-02-02,2023,False,True,True,29.99,Kasedo Games Ltd,"Diverse Characters, RELAXING, Cloud Saves, Achievements, Creative Community, Turn-Based, Windows, Simulation, Unique Visuals, Recommend this Game, Amazing Characters, Amazing Storytelling, Extremely Fun, Single Player, Strategy, Quickly Understand the Controls",67.0,35.63
Dishonored: Death of the Outsider,2023-02-02,2023,False,True,True,29.99,Bethesda Softworks,"Action, Diverse Characters, RELAXING, Cloud Saves, Creative Community, Windows, Unique Visuals, Recommend this Game, Amazing Characters, Amazing Storytelling, Extremely Fun, Single Player, Stealth, Adventure, Quickly Understand the Controls, Great for Beginners",82.0,6.56
Adios,2023-01-26,2023,False,True,True,17.99,Mischief LLC,"Narration, Cloud Saves, Achievements, Single Player, Windows, Adventure, First Person",78.0,1.32
Hell is Others,2023-01-26,2023,False,True,True,14.99,A List Games,"Online Multiplayer, Great for Quick Sessions, Competitive Community, Cloud Saves, Achievements, Challenging Combat, Windows, Controller Support, Unique Visuals, Recommend this Game, Amazing Characters, Amazing Storytelling, Extremely Fun, Survival, Cross Platform, Single Player, Rogue-Lite, Quickly Understand the Controls",78.0,39.39
The Cycle: Frontier - Fortuna Survivor,2023-01-25,2023,False,False,False,,,,59.0,
Epistory - Typing Chronicles,2023-01-19,2023,False,True,True,14.99,Plug In Digital SAS,"Exploration, Single Player, Windows, Adventure",74.0,
Divine Knockout (DKO),2023-01-12,2023,False,True,False,,,,74.0,
First Class Trouble,2023-01-12,2023,False,True,True,14.99,Versus Evil,"Casual, Online Multiplayer, Great for Quick Sessions, Recommend this Game, Amazing Characters, RELAXING, Amazing Storytelling, Extremely Fun, Party, Windows, Quickly Understand the Controls, Great for Beginners",,0.64
Gamedec - Definitive Edition,2023-01-12,2023,False,True,True,29.99,Anshar Publishing,"Cloud Saves, RPG, Achievements, Single Player, Inclusive Character Customization, Windows, Adventure",89.0,10.47
Kerbal Space Program,2023-01-05,2023,False,True,True,39.99,The Kerbal Company,"Space Sim, Simulation, Recommend this Game, Amazing Characters, RELAXING, Amazing Storytelling, Extremely Fun, Creative Community, Physics, Educational, Windows, Mac OS",88.0,113.03
Shadow Tactics: Aiko's Choice,2023-01-05,2023,False,True,True,19.99,Daedalic Entertainment,"Action, Cloud Saves, Single Player, Strategy, Windows, Stealth, Controller Support",83.0,7.26
Dishonored - Definitive Edition,2022-12-29,2022,False,True,True,19.99,Bethesda Softworks,"Action, Diverse Characters, RELAXING, Cloud Saves, Creative Community, Windows, Unique Visuals, Recommend this Game, Amazing Characters, Amazing Storytelling, Action RPG, Great Boss Battles, Extremely Fun, Action-Adventure, Single Player, Stealth, Quickly Understand the Controls, Great for Beginners",80.0,12.15
Eximius: Seize the Frontline,2022-12-29,2022,False,True,True,19.99,Ammobox Studios,"Action, Co-op, FPS, Recommend this Game, Gift A Game, Competitive Community, Extremely Fun, Achievements, Shooter, Single Player, Windows, Strategy",53.0,13.62
Mortal Shell,2022-12-28,2022,False,True,True,29.99,Playstack Ltd,"Diverse Characters, Competitive Community, Cloud Saves, Challenging Combat, Windows, Indie, Unique Visuals, Recommend this Game, Amazing Characters, Amazing Storytelling, Extremely Fun, RPG, Single Player, Quickly Understand the Controls",76.0,10.62
Mortal Shell,2022-12-28,2022,False,True,True,29.99,Playstack Ltd,"Diverse Characters, Competitive Community, Cloud Saves, Challenging Combat, Windows, Indie, Unique Visuals, Recommend this Game, Amazing Characters, Amazing Storytelling, Extremely Fun, RPG, Single Player, Quickly Understand the Controls",76.0,10.62
Severed Steel,2022-12-27,2022,False,True,True,24.99,Digerati,"Action, FPS, Great for Quick Sessions, RELAXING, Achievements, Creative Community, Windows, Controller Support, Indie, Unique Visuals, Recommend this Game, Amazing Characters, Amazing Storytelling, Great Boss Battles, Extremely Fun, Single Player, Quickly Understand the Controls, Great for Beginners",73.0,3.03
F.I.S.T.: Forged In Shadow Torch,2022-12-26,2022,False,True,True,29.99,Antiidelay,"Action, Diverse Characters, RELAXING, Creative Community, Windows, Unique Visuals, Recommend this Game, Amazing Characters, Amazing Storytelling, Great Boss Battles, Extremely Fun, Single Player, Quickly Understand the Controls, Platformer, Metroidvania, Great for Beginners",80.0,12.47
F.I.S.T.: Forged In Shadow Torch,2022-12-26,2022,False,True,True,29.99,Antiidelay,"Action, Diverse Characters, RELAXING, Creative Community, Windows, Unique Visuals, Recommend this Game, Amazing Characters, Amazing Storytelling, Great Boss Battles, Extremely Fun, Single Player, Quickly Understand the Controls, Platformer, Metroidvania, Great for Beginners",80.0,12.47
F.I.S.T.: Forged In Shadow Torch,2022-12-26,2022,False,True,True,29.99,Antiidelay,"Action, Diverse Characters, RELAXING, Creative Community, Windows, Unique Visuals, Recommend this Game, Amazing Characters, Amazing Storytelling, Great Boss Battles, Extremely Fun, Single Player, Quickly Understand the Controls, Platformer, Metroidvania, Great for Beginners",80.0,12.47
DEATH STRANDING,2022-12-25,2022,False,True,True,59.99,505 Games,"Action, Action-Adventure, Single Player, Open World, Windows, Adventure",82.0,40.5
DEATH STRANDING,2022-12-25,2022,False,True,True,59.99,505 Games,"Action, Action-Adventure, Single Player, Open World, Windows, Adventure",82.0,40.5
DEATH STRANDING Director's Cut,2022-12-25,2022,False,True,True,39.99,505 Games,"Action, Diverse Characters, RELAXING, Cloud Saves, Achievements, Creative Community, Windows, Controller Support, Unique Visuals, Recommend this Game, Amazing Characters, Amazing Storytelling, Great Boss Battles, Extremely Fun, Single Player, Educational, Open World, Adventure, Quickly Understand the Controls, Great for Beginners",85.0,38.15
Metro: Last Light Redux,2022-12-24,2022,True,True,True,19.99,Deep Silver,"Action, Single Player, Shooter, Windows, First Person",76.0,9.78
Encased: A Sci-Fi Post-Apocalyptic RPG,2022-12-23,2022,False,True,True,29.99,Prime Matter,"Action, Diverse Characters, RELAXING, Cloud Saves, Creative Community, Windows, Unique Visuals, Recommend this Game, Amazing Characters, Amazing Storytelling, Action RPG, Extremely Fun, RPG, Action-Adventure, Single Player, Inclusive Character Customization, Adventure, Quickly Understand the Controls",73.0,28.01
Fallout: A Post Nuclear Role Playing Game,2022-12-22,2022,False,True,True,9.99,Bethesda Softworks,"Diverse Characters, RELAXING, Cloud Saves, Challenging Combat, Windows, Unique Visuals, Recommend this Game, Amazing Characters, Amazing Storytelling, Extremely Fun, RPG, Single Player, Open World, Inclusive Character Customization",,16.2
Fallout 2: A Post Nuclear Role Playing Game,2022-12-22,2022,False,True,True,9.99,Bethesda Softworks,"Diverse Characters, RELAXING, Cloud Saves, Creative Community, Challenging Combat, Windows, Unique Visuals, Recommend this Game, Amazing Characters, Amazing Storytelling, Extremely Fun, RPG, Single Player, Open World, Inclusive Character Customization, Quickly Understand the Controls",,
Fallout Tactics: Brotherhood of Steel,2022-12-22,2022,False,True,True,9.99,Bethesda Softworks,"Turn-Based Strategy, Diverse Characters, RELAXING, Cloud Saves, Creative Community, Challenging Combat, Windows, Unique Visuals, Recommend this Game, Amazing Characters, Amazing Storytelling, Extremely Fun, RPG, Single Player, Strategy, Inclusive Character Customization, Quickly Understand the Controls",82.0,25.57
LEGO Builder's Journey,2022-12-21,2022,False,True,True,19.99,LEGO Games,"Casual, Puzzle, Cloud Saves, Single Player, Windows, Adventure, Easy Puzzles",79.0,2.39
Wolfenstein: The New Order,2022-12-20,2022,True,True,True,19.99,Bethesda Softworks,"Action, FPS, Diverse Characters, RELAXING, Cloud Saves, Windows, First Person, Recommend this Game, Amazing Characters, Amazing Storytelling, Great Boss Battles, Extremely Fun, Shooter, Single Player, Quickly Understand the Controls, Great for Beginners",79.0,11.36
Wolfenstein: The New Order,2022-12-20,2022,True,True,True,19.99,Bethesda Softworks,"Action, FPS, Diverse Characters, RELAXING, Cloud Saves, Windows, First Person, Recommend this Game, Amazing Characters, Amazing Storytelling, Great Boss Battles, Extremely Fun, Shooter, Single Player, Quickly Understand the Controls, Great for Beginners",79.0,11.36
Them's Fightin' Herds,2022-12-19,2022,False,True,True,19.99,Maximum Entertainment LLC,"Fighting, Online Multiplayer, Great for Quick Sessions, Diverse Characters, RELAXING, Achievements, Challenging Combat, Windows, Indie, Recommend this Game, Amazing Characters, Amazing Storytelling, Extremely Fun, Single Player, Quickly Understand the Controls, Great for Beginners",80.0,4.25
Them's Fightin' Herds,2022-12-19,2022,False,True,True,19.99,Maximum Entertainment LLC,"Fighting, Online Multiplayer, Great for Quick Sessions, Diverse Characters, RELAXING, Achievements, Challenging Combat, Windows, Indie, Recommend this Game, Amazing Characters, Amazing Storytelling, Extremely Fun, Single Player, Quickly Understand the Controls, Great for Beginners",80.0,4.25
Sable,2022-12-18,2022,False,True,True,24.99,Raw Fury,"Diverse Characters, RELAXING, Kind Community, Cloud Saves, Achievements, Easy Combat, Windows, Controller Support, Indie, Unique Visuals, Recommend this Game, Amazing Characters, Amazing Storytelling, Extremely Fun, Single Player, Open World, Adventure, Quickly Understand the Controls, Great for Beginners",76.0,7.42
Sable,2022-12-18,2022,False,True,True,24.99,Raw Fury,"Diverse Characters, RELAXING, Kind Community, Cloud Saves, Achievements, Easy Combat, Windows, Controller Support, Indie, Unique Visuals, Recommend this Game, Amazing Characters, Amazing Storytelling, Extremely Fun, Single Player, Open World, Adventure, Quickly Understand the Controls, Great for Beginners",76.0,7.42
Costume Quest 2,2022-12-17,2022,True,True,True,14.99,Majesco Entertainment,"Action, Great Boss Battles, Cloud Saves, Action-Adventure, Turn-Based, Single Player, Windows, Adventure",68.0,6.75
Costume Quest 2,2022-12-17,2022,True,True,True,14.99,Majesco Entertainment,"Action, Great Boss Battles, Cloud Saves, Action-Adventure, Turn-Based, Single Player, Windows, Adventure",68.0,6.75
Horizon Chase Turbo,2022-12-16,2022,True,True,False,,,,82.0,10.21
Horizon Chase Turbo,2022-12-16,2022,True,True,False,,,,82.0,10.21
Bloons TD 6,2022-12-15,2022,False,True,True,13.99,Ninja Kiwi,"Online Multiplayer, Diverse Characters, RELAXING, Creative Community, Promotional Content, Windows, Co-op, Playful Visuals, Recommend this Game, Amazing Characters, Amazing Storytelling, Extremely Fun, Cross Platform, Single Player, Strategy, Quickly Understand the Controls, Great for Beginners",,36.42
Bloons TD 6,2022-12-15,2022,False,True,True,13.99,Ninja Kiwi,"Online Multiplayer, Diverse Characters, RELAXING, Creative Community, Promotional Content, Windows, Co-op, Playful Visuals, Recommend this Game, Amazing Characters, Amazing Storytelling, Extremely Fun, Cross Platform, Single Player, Strategy, Quickly Understand the Controls, Great for Beginners",,36.42
Bloons TD 6,2022-12-15,2022,False,True,True,13.99,Ninja Kiwi,"Online Multiplayer, Diverse Characters, RELAXING, Creative Community, Promotional Content, Windows, Co-op, Playful Visuals, Recommend this Game, Amazing Characters, Amazing Storytelling, Extremely Fun, Cross Platform, Single Player, Strategy, Quickly Understand the Controls, Great for Beginners",,36.42
Saints Row IV: Re-Elected,2022-12-08,2022,False,True,True,19.99,Plaion,"Action, Diverse Characters, RELAXING, Cloud Saves, Silly Community, Achievements, Windows, Controller Support, Co-op, Unique Visuals, Recommend this Game, Amazing Characters, Amazing Storytelling, Great Boss Battles, Extremely Fun, Single Player, Adventure, Quickly Understand the Controls, Great for Beginners",71.0,14.95
Wildcat Gun Machine,2022-12-08,2022,False,True,True,14.99,Daedalic Entertainment,"Action, Dungeon Crawler, Great Boss Battles, Cloud Saves, Achievements, Single Player, Windows, Controller Support, Indie",63.0,6.16
Fort Triumph,2022-12-01,2022,False,True,True,19.99,All in! Games,"Co-op, Cloud Saves, RPG, Single Player, Strategy, Inclusive Character Customization, Windows, Mac OS",74.0,8.8
RPG in a Box,2022-12-01,2022,False,True,False,,,,,0.0
STAR WARS: Squadrons,2022-11-24,2022,False,True,True,39.99,Electronic Arts,"Action, Space, Multiplayer, EA Play, Achievements, EA Play Included, Cross Platform, EA Play Discount, Single Player, Windows, Epic Savings",79.0,9.09
Dark Deity,2022-11-17,2022,False,True,True,24.99,Freedom Games,"Diverse Characters, RELAXING, Windows, Playful Visuals, Recommend this Game, Amazing Characters, Amazing Storytelling, Extremely Fun, RPG, Single Player, Strategy, Inclusive Character Customization, Adventure, Quickly Understand the Controls, Great for Beginners",80.0,23.01
Evil Dead: The Game,2022-11-17,2022,False,True,False,,,,72.0,3.09
Rumbleverse - Epic Cheerleader Pack,2022-11-17,2022,False,False,False,,,,,
Alba - A Wildlife Adventure,2022-11-10,2022,False,True,True,16.99,Plug In Digital SAS,"Casual, Diverse Characters, Recommend this Game, RELAXING, Amazing Storytelling, Extremely Fun, Single Player, Educational, Windows, Quickly Understand the Controls, Great for Beginners",79.0,
Shadow Tactics: Blades of the Shogun,2022-11-10,2022,True,True,True,39.99,Daedalic Entertainment,"Turn-Based Strategy, RTS, Diverse Characters, RELAXING, Achievements, Creative Community, Challenging Combat, Windows, Recommend this Game, Amazing Characters, Amazing Storytelling, Extremely Fun, Single Player, Strategy, Stealth, Quickly Understand the Controls, Great for Beginners",85.0,24.91
Filament,2022-11-03,2022,False,True,True,16.99,Kasedo Games Ltd,"Cloud Saves, Achievements, Creative Community, Challenging Combat, Windows, Controller Support, Indie, Puzzle, Recommend this Game, Amazing Characters, Amazing Storytelling, Extremely Fun, Single Player, Quickly Understand the Controls, Challenging Puzzles",82.0,18.33
Rising Storm 2: Vietnam,2022-11-03,2022,True,True,True,24.99,Tripwire Interactive,"Action, Diverse Characters, Competitive Community, Challenging Combat, Windows, Realistic Visuals, Recommend this Game, Multiplayer, Competitive, Amazing Characters, Amazing Storytelling, Extremely Fun, Strategy, Quickly Understand the Controls",81.0,2.18
Saturnalia,2022-10-27,2022,False,True,True,29.99,Santa Ragione,"Horror, Achievements, Survival, Single Player, Windows, Adventure, Mac OS",80.0,8.0
"Warhammer 40,000: Mechanicus",2022-10-27,2022,False,True,True,29.99,Kasedo Games Ltd,"Diverse Characters, RELAXING, Cloud Saves, Achievements, Creative Community, Turn-Based, Windows, Controller Support, Unique Visuals, Recommend this Game, Amazing Characters, Amazing Storytelling, Extremely Fun, Strategy, Quickly Understand the Controls",78.0,18.92
Evoland Legendary Edition,2022-10-20,2022,False,True,True,19.99,Shiro Games SAS,"Action, Great Boss Battles, RPG, Single Player, Windows, Adventure, Controller Support",66.0,20.87
Fallout 3: Game of the Year Edition,2022-10-20,2022,False,True,True,19.99,Bethesda Softworks,"Diverse Characters, RELAXING, Cloud Saves, Creative Community, Windows, Unique Visuals, Recommend this Game, Amazing Characters, Amazing Storytelling, Extremely Fun, RPG, Single Player, Open World, Inclusive Character Customization, Adventure, Quickly Understand the Controls, Great for Beginners",,26.38
Fallout 3: Game of the Year Edition,2022-10-20,2022,False,True,True,19.99,Bethesda Softworks,"Diverse Characters, RELAXING, Cloud Saves, Creative Community, Windows, Unique Visuals, Recommend this Game, Amazing Characters, Amazing Storytelling, Extremely Fun, RPG, Single Player, Open World, Inclusive Character Customization, Adventure, Quickly Understand the Controls, Great for Beginners",,26.38
Darkwood,2022-10-13,2022,False,True,True,14.99,Hooded Horse Inc,"Horror, Diverse Characters, Exploration, Creative Community, Challenging Combat, Windows, Controller Support, Unique Visuals, Recommend this Game, Amazing Characters, Amazing Storytelling, Extremely Fun, Survival, Single Player, Quickly Understand the Controls, Mac OS",80.0,18.35
ToeJam & Earl: Back in the Groove!,2022-10-13,2022,False,True,True,14.99,Humanature Studios,"Co-op, Casual, Achievements, Windows, Mac OS",75.0,
Rising Hell,2022-10-06,2022,False,True,True,9.99,Toge Productions,"Great for Quick Sessions, Diverse Characters, RELAXING, Creative Community, Windows, Unique Visuals, Recommend this Game, Amazing Characters, Amazing Storytelling, Extremely Fun, Single Player, Rogue-Lite, Quickly Understand the Controls, Great for Beginners",,3.32
Slain: Back From Hell,2022-10-06,2022,False,True,True,12.99,Digerati,"Action, Great Boss Battles, Achievements, Single Player, Windows, Platformer, Indie",68.0,6.06
Runbow,2022-09-29,2022,False,True,True,14.99,13AM Games,"Co-op, Multiplayer, Competitive, Party, Cloud Saves, Achievements, Single Player, Windows, Controller Support, Platformer, Indie",82.0,2.85
The Drone Racing League Simulator,2022-09-29,2022,False,True,True,9.99,The Drone Racing League,"Great for Quick Sessions, RELAXING, Competitive Community, Challenging Combat, Windows, Simulation, Recommend this Game, Competitive, Amazing Characters, Amazing Storytelling, Extremely Fun, Single Player, Educational, Racing, Quickly Understand the Controls, Mac OS, Great for Beginners",,14.9
ARK: Survival Evolved,2022-09-22,2022,True,True,True,14.99,Studio Wildcard,"Diverse Characters, RELAXING, Competitive Community, Challenging Combat, Windows, Recommend this Game, Amazing Characters, Amazing Storytelling, Extremely Fun, RPG, Survival, Single Player, Educational, Inclusive Character Customization, Adventure, Quickly Understand the Controls",70.0,67.59
ARK: Survival Evolved,2022-09-22,2022,True,True,True,14.99,Studio Wildcard,"Diverse Characters, RELAXING, Competitive Community, Challenging Combat, Windows, Recommend this Game, Amazing Characters, Amazing Storytelling, Extremely Fun, RPG, Survival, Single Player, Educational, Inclusive Character Customization, Adventure, Quickly Understand the Controls",70.0,67.59
Gloomhaven,2022-09-22,2022,False,True,True,34.99,TWIN SAILS INTERACTIVE,"Online Multiplayer, Diverse Characters, RELAXING, Achievements, Creative Community, Challenging Combat, Turn-Based, Windows, Controller Support, Co-op, Unique Visuals, Recommend this Game, Amazing Characters, Amazing Storytelling, Extremely Fun, RPG, Cross Platform, Single Player, Strategy, Inclusive Character Customization, Quickly Understand the Controls",82.0,96.0
Spirit of the North,2022-09-15,2022,False,True,True,19.99,Silver Lining Interactive,"Recommend this Game, Amazing Characters, RELAXING, Amazing Storytelling, Extremely Fun, Achievements, Single Player, Windows, Adventure, Quickly Understand the Controls, Beautiful Visuals, Great for Beginners",59.0,5.09
The Captain,2022-09-15,2022,False,True,True,19.99,Tomorrow Corporation,"Diverse Characters, RELAXING, Creative Community, Windows, Indie, Recommend this Game, Amazing Characters, Amazing Storytelling, Extremely Fun, Single Player, Adventure, Quickly Understand the Controls, Mac OS, Great for Beginners",,10.18
Hundred Days: Winemaking Simulator,2022-09-08,2022,False,True,True,24.99,Broken Arms Games,"RELAXING, Cloud Saves, Achievements, Creative Community, Easy Combat, Windows, Indie, Simulation, Recommend this Game, Amazing Characters, Amazing Storytelling, Extremely Fun, Single Player, Educational, Strategy, Quickly Understand the Controls, Mac OS, Great for Beginners",74.0,
Realm Royale Reforged - Epic Launch Bundle,2022-09-08,2022,False,False,False,,,,,
Knockout City,2022-09-01,2022,False,True,False,,,,80.0,20.44
Shadow of the Tomb Raider: Definitive Edition,2022-09-01,2022,True,True,True,39.99,Crystal Dynamics,"Action, Diverse Characters, RELAXING, Promotional Content, Creative Community, Windows, Controller Support, Recommend this Game, Amazing Characters, Amazing Storytelling, Great Boss Battles, Extremely Fun, Single Player, Educational, Adventure, Quickly Understand the Controls, Great for Beginners",,12.9
Submerged: Hidden Depths,2022-09-01,2022,False,True,True,29.99,Uppercut Games,"RELAXING, Kind Community, Exploration, Cloud Saves, Easy Combat, Windows, Beautiful Visuals, Recommend this Game, Amazing Characters, Amazing Storytelling, Extremely Fun, Single Player, Adventure, Quickly Understand the Controls, Great for Beginners",72.0,4.27
Ring of Pain,2022-08-25,2022,False,True,True,19.99,Humble Games,"RELAXING, Cloud Saves, Achievements, Creative Community, Challenging Combat, Windows, Controller Support, Indie, Unique Visuals, Recommend this Game, Amazing Characters, Amazing Storytelling, Extremely Fun, Single Player, Strategy, Quickly Understand the Controls",74.0,7.88
Destiny 2: Bungie 30th Anniversary Pack,2022-08-23,2022,False,False,False,,,,84.0,
DOOM 64,2022-08-18,2022,False,True,True,4.99,Bethesda Softworks,"Action, FPS, Great for Quick Sessions, RELAXING, Cloud Saves, Challenging Combat, Windows, Retro, Unique Visuals, Recommend this Game, Amazing Characters, Amazing Storytelling, Great Boss Battles, Extremely Fun, Single Player, Quickly Understand the Controls, Great for Beginners",76.0,7.15
Rumbleverse - Boom Boxer Content Pack,2022-08-18,2022,False,False,False,,,,,
"Cook, Serve, Delicious! 3?!",2022-08-11,2022,False,True,True,19.99,Vertigo Gaming Inc.,"Action, Great for Quick Sessions, Challenging Combat, Windows, Controller Support, Co-op, Playful Visuals, Simulation, Recommend this Game, Amazing Characters, Amazing Storytelling, Extremely Fun, Single Player, Strategy, Quickly Understand the Controls, Mac OS",,46.42
Unrailed!,2022-08-04,2022,False,True,True,19.99,Daedalic Entertainment,"Action, Diverse Characters, RELAXING, Gift A Game, Achievements, Windows, Controller Support, Indie, Co-op, Playful Visuals, Recommend this Game, Multiplayer, Amazing Characters, Amazing Storytelling, Extremely Fun, Party, Single Player, Quickly Understand the Controls, Great for Beginners",77.0,7.07
Lawn Mowing Simulator,2022-07-28,2022,False,True,True,19.99,Curve Digital,"Simulation, Recommend this Game, RELAXING, Amazing Storytelling, Extremely Fun, Achievements, Single Player, Windows, Epic Savings, Controller Support, Quickly Understand the Controls, Great for Beginners",72.0,16.41
Shop Titans - Exclusive Package,2022-07-21,2022,False,False,False,,,,42.0,
Tannenberg,2022-07-21,2022,False,True,True,19.99,M2H,"Action, Diverse Characters, RELAXING, Gift A Game, Competitive Community, Cloud Saves, Achievements, Challenging Combat, Windows, Realistic Visuals, Co-op, Recommend this Game, Multiplayer, Competitive, Amazing Characters, Amazing Storytelling, Extremely Fun, Shooter, Single Player, Quickly Understand the Controls, Mac OS",69.0,4.8
Idle Champions of the Forgotten Realms - Gladiators of the Black Pits Pack,2022-07-14,2022,False,False,False,,,,,
Wonder Boy: The Dragon's Trap,2022-07-14,2022,False,True,False,,,,79.0,5.07
Ancient Enemy,2022-07-07,2022,False,True,True,16.99,Grey Alien Games,"Great for Quick Sessions, Recommend this Game, RELAXING, Amazing Storytelling, Extremely Fun, Single Player, Windows, Card Game, Quickly Understand the Controls, Indie, Great for Beginners",73.0,7.86
Killing Floor 2,2022-07-07,2022,True,True,True,29.99,Tripwire Interactive,"Action, FPS, Horror, Diverse Characters, RELAXING, Gift A Game, Cloud Saves, Challenging Combat, Windows, First Person, Co-op, Recommend this Game, Multiplayer, Amazing Characters, Amazing Storytelling, Great Boss Battles, Extremely Fun, Survival, Shooter, Quickly Understand the Controls, Great for Beginners",75.0,16.32
Geneforge 1 - Mutagen,2022-06-30,2022,False,True,True,19.95,Spiderweb Software,"RELAXING, Cloud Saves, Turn-Based, Windows, Indie, Unique Visuals, Recommend this Game, Amazing Characters, Amazing Storytelling, Extremely Fun, RPG, Single Player, Quickly Understand the Controls, Mac OS",,37.0
Hood: Outlaws & Legends,2022-06-30,2022,False,True,False,,,,63.0,1.62
Iratus: Lord of the Dead,2022-06-30,2022,False,True,True,29.99,Daedalic Entertainment,"Diverse Characters, RELAXING, Achievements, Creative Community, Challenging Combat, Turn-Based, Windows, Unique Visuals, Recommend this Game, Amazing Characters, Amazing Storytelling, Extremely Fun, RPG, Single Player, Strategy, Inclusive Character Customization, Quickly Understand the Controls, Mac OS",78.0,12.35
A Game Of Thrones: The Board Game Digital Edition,2022-06-23,2022,False,True,True,19.99,TWIN SAILS INTERACTIVE,"Online Multiplayer, Recommend this Game, Amazing Characters, RELAXING, Amazing Storytelling, Competitive Community, Extremely Fun, Achievements, Single Player, Windows, Strategy, Quickly Understand the Controls",,
Car Mechanic Simulator 2018,2022-06-23,2022,False,True,True,19.99,Playway,"Simulation, Recommend this Game, Amazing Characters, RELAXING, Amazing Storytelling, Extremely Fun, Creative Community, Single Player, Educational, Windows, Quickly Understand the Controls, Great for Beginners",,27.88
Supraland,2022-06-16,2022,False,True,True,19.99,Supra Games,"RELAXING, Exploration, Cloud Saves, Achievements, Creative Community, Windows, Puzzle, Recommend this Game, Amazing Characters, Amazing Storytelling, Extremely Fun, Action-Adventure, Single Player, Educational, Quickly Understand the Controls, Challenging Puzzles, Metroidvania, Great for Beginners",82.0,12.96
Maneater,2022-06-09,2022,False,True,True,39.99,Tripwire Interactive,"Action, Diverse Characters, RELAXING, Cloud Saves, Creative Community, Windows, Recommend this Game, Amazing Characters, Amazing Storytelling, Great Boss Battles, Extremely Fun, RPG, Single Player, Educational, Inclusive Character Customization, Quickly Understand the Controls, Great for Beginners",70.0,8.13
Wolfenstein: The New Order,2022-06-02,2022,False,True,True,19.99,Bethesda Softworks,"Action, FPS, Diverse Characters, RELAXING, Cloud Saves, Windows, First Person, Recommend this Game, Amazing Characters, Amazing Storytelling, Great Boss Battles, Extremely Fun, Shooter, Single Player, Quickly Understand the Controls, Great for Beginners",79.0,11.36
Wolfenstein: The New Order,2022-06-02,2022,False,True,True,19.99,Bethesda Softworks,"Action, FPS, Diverse Characters, RELAXING, Cloud Saves, Windows, First Person, Recommend this Game, Amazing Characters, Amazing Storytelling, Great Boss Battles, Extremely Fun, Shooter, Single Player, Quickly Understand the Controls, Great for Beginners",79.0,11.36
BioShock Remastered,2022-05-26,2022,False,True,True,19.99,2K,"Action, FPS, Horror, Diverse Characters, RELAXING, Creative Community, Windows, Controller Support, Unique Visuals, Recommend this Game, Amazing Characters, Amazing Storytelling, Great Boss Battles, Extremely Fun, Single Player, Quickly Understand the Controls, Great for Beginners",,12.11
BioShock 2 Remastered,2022-05-26,2022,False,True,True,19.99,2K,"Action, FPS, Horror, Diverse Characters, RELAXING, Creative Community, Windows, Controller Support, Unique Visuals, Recommend this Game, Amazing Characters, Amazing Storytelling, Great Boss Battles, Extremely Fun, Single Player, Quickly Understand the Controls, Great for Beginners",71.0,
BioShock Infinite: The Complete Edition,2022-05-26,2022,False,True,True,54.97,2K,"Action, FPS, Horror, Diverse Characters, RELAXING, Creative Community, Windows, Controller Support, Unique Visuals, Recommend this Game, Amazing Characters, Amazing Storytelling, Great Boss Battles, Extremely Fun, Quickly Understand the Controls, Great for Beginners",85.0,12.07
Borderlands 3,2022-05-19,2022,False,True,True,59.99,2K,"Co-op, RPG, Single Player, Shooter, Windows, OSX, Controller Support, First Person",81.0,23.37
Prey Digital Deluxe,2022-05-12,2022,True,True,False,,,,,
Jotun: Valhalla Edition,2022-05-12,2022,True,True,True,14.99,Thunder Lotus,"Action, Great Boss Battles, Windows, Adventure, Controller Support, Indie, Mac OS",84.0,5.16
Jotun: Valhalla Edition,2022-05-12,2022,True,True,True,14.99,Thunder Lotus,"Action, Great Boss Battles, Windows, Adventure, Controller Support, Indie, Mac OS",84.0,5.16
Redout: Enhanced Edition,2022-05-12,2022,False,True,True,19.99,34BigThings SRL,"Co-op, Great for Quick Sessions, Recommend this Game, Multiplayer, RELAXING, Competitive Community, Achievements, Single Player, Windows, Racing, Controller Support, Quickly Understand the Controls",73.0,10.06
Terraforming Mars,2022-05-05,2022,False,True,True,19.99,TWIN SAILS INTERACTIVE,"Online Multiplayer, RELAXING, Competitive Community, Achievements, Turn-Based, Windows, Recommend this Game, Amazing Characters, Amazing Storytelling, Extremely Fun, Single Player, Strategy, Quickly Understand the Controls, Local Multiplayer, Mac OS",,1.91
Just Die Already,2022-04-28,2022,False,True,True,14.99,Curve Digital  ,"Great for Quick Sessions, Diverse Characters, RELAXING, Silly Community, Easy Combat, Windows, Epic Savings, Co-op, Recommend this Game, Multiplayer, Amazing Characters, Amazing Storytelling, Extremely Fun, Single Player, Open World, Comedy, Adventure, Quickly Understand the Controls, Great for Beginners",63.0,3.61
Paradigm,2022-04-28,2022,False,True,True,14.99,Janerka Productions ,"Single Player, Windows, Comedy",85.0,6.01
Amnesia: Rebirth,2022-04-21,2022,False,True,True,29.99,Frictional Games,"Horror, Single Player, Windows, Stealth, Adventure, Mac OS",80.0,8.7
Riverbond,2022-04-21,2022,False,True,True,24.99,Cococucumber Inc,"Diverse Characters, RELAXING, Gift A Game, Cloud Saves, Achievements, Windows, Controller Support, Indie, Co-op, Playful Visuals, Dungeon Crawler, Recommend this Game, Amazing Characters, Amazing Storytelling, Extremely Fun, Action-Adventure, Single Player, Quickly Understand the Controls, Great for Beginners",60.0,5.04
Insurmountable,2022-04-14,2022,False,True,True,24.99,Daedalic Entertainment,"RELAXING, Cloud Saves, Windows, Recommend this Game, Amazing Characters, Amazing Storytelling, Extremely Fun, Survival, Single Player, Rogue-Lite, Strategy, Quickly Understand the Controls, Great for Beginners",74.0,7.03
XCOM 2,2022-04-14,2022,False,True,True,19.99,2K,"Turn-Based Strategy, RTS, 1312, Diverse Characters, RELAXING, TACTICAL RPG, Cloud Saves, Creative Community, Challenging Combat, Windows, Recommend this Game, Amazing Characters, Amazing Storytelling, Extremely Fun, Single Player, Strategy, Quickly Understand the Controls",88.0,33.18
Rogue Legacy,2022-04-07,2022,False,True,True,14.99,Cellar Door Games,"Action, Great for Quick Sessions, Diverse Characters, RELAXING, Creative Community, Challenging Combat, Windows, Indie, Recommend this Game, Amazing Characters, Amazing Storytelling, Great Boss Battles, Extremely Fun, Single Player, Quickly Understand the Controls, Great for Beginners",85.0,16.44
The Vanishing of Ethan Carter,2022-04-07,2022,True,True,True,19.99,The Astronauts,"Exploration, Cloud Saves, Investigation, Single Player, Windows",82.0,3.77
City of Brass,2022-03-31,2022,True,True,True,19.99,Uppercut Games,"Action, Single Player, Rogue-Lite, Windows, Controller Support, First Person",66.0,4.36
Total War: WARHAMMER,2022-03-31,2022,False,True,True,59.99,SEGA,"Turn-Based Strategy, RTS, Action, Diverse Characters, RELAXING, Competitive Community, Challenging Combat, Windows, Co-op, Recommend this Game, Multiplayer, Competitive, Amazing Characters, Amazing Storytelling, Great Boss Battles, Extremely Fun, Single Player, Strategy, Quickly Understand the Controls",86.0,33.83
DEMON'S TILT,2022-03-24,2022,False,True,True,19.99,FLARB LLC,"Action, Great for Quick Sessions, Horror, RELAXING, Achievements, Windows, Recommend this Game, Amazing Storytelling, Extremely Fun, Single Player, Quickly Understand the Controls, Mac OS, Great for Beginners",,5.42
In Sound Mind,2022-03-17,2022,False,True,True,34.99,Maximum Entertainment LLC,"Horror, Diverse Characters, Creative Community, Windows, Unique Visuals, Recommend this Game, Amazing Characters, Amazing Storytelling, Extremely Fun, Single Player, Adventure, Quickly Understand the Controls, Great for Beginners",75.0,10.22
Cities: Skylines,2022-03-10,2022,True,True,True,29.99,Paradox Interactive,"RELAXING, Cloud Saves, Creative Community, Achievements, Windows, Simulation, Recommend this Game, Amazing Characters, Amazing Storytelling, Extremely Fun, City Builder, Single Player, Educational, Quickly Understand the Controls, Great for Beginners",85.0,27.6
Cities: Skylines,2022-03-10,2022,True,True,True,29.99,Paradox Interactive,"RELAXING, Cloud Saves, Creative Community, Achievements, Windows, Simulation, Recommend this Game, Amazing Characters, Amazing Storytelling, Extremely Fun, City Builder, Single Player, Educational, Quickly Understand the Controls, Great for Beginners",85.0,27.6
Black Widow: Recharged,2022-03-03,2022,False,True,True,9.99,Atari,"Action, Cloud Saves, Achievements, Shooter, Windows, Controller Support, Mac OS",,1.46
Centipede: Recharged,2022-03-03,2022,False,True,True,9.99,Atari,"Action, Co-op, Cloud Saves, Achievements, Shooter, Single Player, Windows, Mac OS",74.0,2.14
Dauntless - Epic Slayer Kit,2022-03-03,2022,False,False,False,,,,78.0,
Cris Tales,2022-02-24,2022,False,True,True,39.99,Maximum Entertainment LLC,"Amazing Characters, Extremely Fun, RPG, Single Player, Turn-Based, Windows, Inclusive Character Customization, Indie",74.0,22.2
Brothers: A Tale of Two Sons,2022-02-17,2022,False,True,True,14.99,505 Games,"Single Player, Windows, Adventure",86.0,3.08
Windbound,2022-02-10,2022,False,True,True,19.99,Deep Silver,"Action, Cloud Saves, RPG, Survival, Action-Adventure, 1289, Single Player, Windows, Epic Savings, Adventure, Indie",,14.13
Yooka-Laylee and the Impossible Lair,2022-02-03,2022,True,True,True,29.99,Team17 Digital Ltd,"Single Player, Windows, Adventure, Controller Support, Platformer",82.0,12.99
Yooka-Laylee and the Impossible Lair,2022-02-03,2022,True,True,True,29.99,Team17 Digital Ltd,"Single Player, Windows, Adventure, Controller Support, Platformer",82.0,12.99
DAEMON X MACHINA,2022-01-27,2022,False,True,True,49.99,XSEED Games,"Action, Great for Quick Sessions, Diverse Characters, Cloud Saves, Windows, Co-op, Unique Visuals, Recommend this Game, Multiplayer, Amazing Characters, Great Boss Battles, Extremely Fun, Single Player, Quickly Understand the Controls, Great for Beginners",69.0,15.2
Relicta,2022-01-20,2022,False,True,True,19.99,Ravenscourt,"Puzzle, Narration, Cloud Saves, Single Player, Windows, Epic Savings, Dont Impact the Story, Challenging Puzzles",74.0,13.97
Galactic Civilizations III,2022-01-13,2022,True,True,True,24.99,Stardock Entertainment,"Diverse Characters, Recommend this Game, Amazing Characters, RELAXING, Amazing Storytelling, Extremely Fun, Cloud Saves, Creative Community, Windows, Strategy, Quickly Understand the Controls, 4X",81.0,27.21
Galactic Civilizations III,2022-01-13,2022,True,True,True,24.99,Stardock Entertainment,"Diverse Characters, Recommend this Game, Amazing Characters, RELAXING, Amazing Storytelling, Extremely Fun, Cloud Saves, Creative Community, Windows, Strategy, Quickly Understand the Controls, 4X",81.0,27.21
Gods Will Fall,2022-01-06,2022,False,True,True,14.99,Deep Silver,"Action-Adventure, Windows, Epic Savings",63.0,4.87
Tomb Raider GAME OF THE YEAR EDITION,2021-12-30,2021,False,True,True,19.99,Square Enix,"Action, Diverse Characters, RELAXING, Creative Community, Windows, Controller Support, Recommend this Game, Amazing Characters, Amazing Storytelling, Great Boss Battles, Extremely Fun, Single Player, Adventure, Quickly Understand the Controls, Great for Beginners",88.0,11.32
Rise of the Tomb Raider: 20 Year Celebration,2021-12-30,2021,False,True,True,29.99,Square Enix,"Action, Diverse Characters, RELAXING, Cloud Saves, Creative Community, Windows, Controller Support, Recommend this Game, Multiplayer, Amazing Characters, Amazing Storytelling, Great Boss Battles, Extremely Fun, Action-Adventure, Single Player, Adventure, Quickly Understand the Controls, Great for Beginners",88.0,14.21
Shadow of the Tomb Raider: Definitive Edition,2021-12-30,2021,False,True,True,39.99,Crystal Dynamics,"Action, Diverse Characters, RELAXING, Promotional Content, Creative Community, Windows, Controller Support, Recommend this Game, Amazing Characters, Amazing Storytelling, Great Boss Battles, Extremely Fun, Single Player, Educational, Adventure, Quickly Understand the Controls, Great for Beginners",,12.9
Salt and Sanctuary,2021-12-29,2021,False,True,True,17.99,Ska Studios LLC,"Action, Diverse Characters, Achievements, Creative Community, Challenging Combat, Windows, Unique Visuals, Recommend this Game, Amazing Characters, Amazing Storytelling, Action RPG, Extremely Fun, Single Player, Quickly Understand the Controls",84.0,16.46
Moving Out,2021-12-28,2021,False,True,True,24.99,Team17,"Great for Quick Sessions, Diverse Characters, RELAXING, Cloud Saves, Windows, Casual, Co-op, Playful Visuals, Recommend this Game, Amazing Characters, Amazing Storytelling, Extremely Fun, Party, Single Player, Quickly Understand the Controls, Great for Beginners",74.0,5.22
Moving Out,2021-12-28,2021,False,True,True,24.99,Team17,"Great for Quick Sessions, Diverse Characters, RELAXING, Cloud Saves, Windows, Casual, Co-op, Playful Visuals, Recommend this Game, Amazing Characters, Amazing Storytelling, Extremely Fun, Party, Single Player, Quickly Understand the Controls, Great for Beginners",74.0,5.22
Mages of Mystralia,2021-12-27,2021,False,True,True,19.99,Borealys Games,"Action, Amazing Characters, RELAXING, Amazing Storytelling, Great Boss Battles, Single Player, Windows, Adventure, Quickly Understand the Controls, Indie, Great for Beginners",74.0,8.74
Mages of Mystralia,2021-12-27,2021,False,True,True,19.99,Borealys Games,"Action, Amazing Characters, RELAXING, Amazing Storytelling, Great Boss Battles, Single Player, Windows, Adventure, Quickly Understand the Controls, Indie, Great for Beginners",74.0,8.74
Control,2021-12-26,2021,True,True,True,29.99,Remedy Entertainment,"Action, Single Player, Windows, Adventure, Supernatural",82.0,11.71
Control,2021-12-26,2021,True,True,True,29.99,Remedy Entertainment,"Action, Single Player, Windows, Adventure, Supernatural",82.0,11.71
Control,2021-12-26,2021,True,True,True,29.99,Remedy Entertainment,"Action, Single Player, Windows, Adventure, Supernatural",82.0,11.71
Prey Digital Deluxe,2021-12-25,2021,False,True,False,,,,,
Pathfinder: Kingmaker - Enhanced Plus Edition,2021-12-24,2021,False,True,True,19.99,PRIME MATTER,"Action, Diverse Characters, RELAXING, Cloud Saves, Fantasy, Creative Community, Challenging Combat, Windows, Recommend this Game, Amazing Characters, Amazing Storytelling, Action RPG, Great Boss Battles, Extremely Fun, RPG, Single Player, Inclusive Character Customization, Quickly Understand the Controls, Mac OS",74.0,
Vampyr,2021-12-23,2021,False,True,False,,,,70.0,16.93
Mutant Year Zero: Road to Eden,2021-12-22,2021,True,True,True,34.99,Funcom,"RPG, Single Player, Turn-Based, Strategy, Windows",78.0,13.03
Mutant Year Zero: Road to Eden,2021-12-22,2021,True,True,True,34.99,Funcom,"RPG, Single Player, Turn-Based, Strategy, Windows",78.0,13.03
Second Extinction,2021-12-21,2021,False,True,False,,,,,7.36
Loop Hero,2021-12-20,2021,False,True,True,14.99,Devolver Digital,"Diverse Characters, RELAXING, Cloud Saves, Creative Community, Windows, Indie, Unique Visuals, Recommend this Game, Amazing Characters, Amazing Storytelling, Extremely Fun, Single Player, Card Game, Quickly Understand the Controls, Mac OS, Great for Beginners",82.0,28.56
The Vanishing of Ethan Carter,2021-12-19,2021,False,True,True,19.99,The Astronauts,"Exploration, Cloud Saves, Investigation, Single Player, Windows",82.0,3.77
Remnant: From the Ashes,2021-12-18,2021,True,True,True,39.99,Arc Games,"Action, Online Multiplayer, Diverse Characters, RELAXING, Challenging Combat, Windows, Co-op, Recommend this Game, Amazing Characters, Amazing Storytelling, Great Boss Battles, Extremely Fun, Shooter, Quickly Understand the Controls",78.0,13.26
Neon Abyss,2021-12-17,2021,False,True,True,19.99,Team17 Digital Ltd.,"Diverse Characters, RELAXING, Cloud Saves, Creative Community, Rogue-Like, Windows, Controller Support, Playful Visuals, Recommend this Game, Amazing Characters, Amazing Storytelling, Extremely Fun, Shooter, Rogue-Lite, Quickly Understand the Controls, Platformer, Great for Beginners",74.0,11.23
Shenmue III,2021-12-16,2021,False,True,True,29.99,Prime Matter,"Action, Single Player, Windows, Adventure",67.0,24.64
Godfall: Challenger Edition,2021-12-09,2021,False,True,False,,,,74.0,2.89
Prison Architect,2021-12-09,2021,False,True,True,29.99,Paradox Interactive,"Diverse Characters, 1123, RELAXING, Creative Community, Windows, 1293, Simulation, Recommend this Game, Amazing Characters, Amazing Storytelling, Extremely Fun, Single Player, Strategy, Quickly Understand the Controls, Mac OS, Great for Beginners",83.0,17.0
Dead by Daylight,2021-12-02,2021,False,True,True,19.99,Behaviour Interactive,"Action, Online Multiplayer, Diverse Characters, Competitive Community, Achievements, Challenging Combat, Windows, SURVIVAL HORROR, Dead by Daylight 10th Anniversary Sale, Recommend this Game, Amazing Characters, Amazing Storytelling, Extremely Fun, Survival, Quickly Understand the Controls",64.0,78.64
while True: learn(),2021-12-02,2021,False,True,True,12.99,Nival,"Simulation, Puzzle, Cloud Saves, Achievements, Single Player, Windows, Programming, Challenging Puzzles, Mac OS",73.0,6.7
Antstream - Epic Welcome Pack,2021-11-25,2021,False,False,False,,,,,
theHunter: Call of the Wild,2021-11-25,2021,False,True,True,19.99,Expansive Worlds,"Online Multiplayer, RELAXING, Windows, First Person, Co-op, Simulation, Recommend this Game, Amazing Characters, Amazing Storytelling, Extremely Fun, Cross Platform, Single Player, Educational, Open World, Quickly Understand the Controls, Great for Beginners",64.0,
Guild of Dungeoneering Ultimate Edition,2021-11-18,2021,False,True,True,19.99,Gambrinous,"Cloud Saves, Single Player, Windows, Card Game, Mac OS",72.0,11.58
KID A MNESIA EXHIBITION,2021-11-18,2021,False,True,True,0.0,Epic Games Publishing,"Exploration, Single Player, Windows, Controller Support, First Person, Mac OS",,0.91
Never Alone (Kisima Ingitchuna),2021-11-18,2021,False,True,True,14.99,E-Line Media,"Co-op, Windows, Controller Support, Platformer, Indie",72.0,
Rogue Company - Season Four Epic Pack,2021-11-11,2021,False,False,False,,,,75.0,
Tiny Tina's Assault on Dragon Keep: A Wonderlands One-shot Adventure,2021-11-09,2021,False,True,True,9.99,"2K Games, Inc.","Diverse Characters, RELAXING, Windows, Co-op, Playful Visuals, Recommend this Game, Multiplayer, Amazing Characters, Amazing Storytelling, Extremely Fun, RPG, Action-Adventure, Single Player, Inclusive Character Customization, Adventure, Quickly Understand the Controls, Great for Beginners",,5.81
Aven Colony,2021-11-04,2021,False,True,True,29.99,Team17,"Simulation, Recommend this Game, RELAXING, Amazing Storytelling, Extremely Fun, Creative Community, City Builder, Single Player, Windows, Strategy, Quickly Understand the Controls, Great for Beginners",65.0,26.65
DARQ: Complete Edition,2021-10-28,2021,False,True,True,19.99,"Unfold Games, LLC","Horror, Puzzle, Single Player, Windows, Adventure, Challenging Puzzles",78.0,2.1
Among the Sleep Enhanced Edition,2021-10-21,2021,False,True,True,16.99,Krillbite Studio AS,"Horror, Cloud Saves, Achievements, Windows, Adventure, Controller Support, Mac OS, Indie",,2.35
Paladins - Epic Pack,2021-10-14,2021,False,False,True,34.99,Hi-Rez Studios,Windows,74.0,
Stubbs the Zombie in Rebel Without a Pulse,2021-10-14,2021,False,True,True,19.99,Aspyr,"Action, Co-op, 3D, 1220, 1301, Great Boss Battles, 1161, 1306, Single Player, Windows, Epic Savings",75.0,6.04
PC Building Simulator,2021-10-07,2021,False,True,True,19.99,The Irregular Corporation,"RELAXING, Cloud Saves, Achievements, Creative Community, Windows, Indie, Simulation, Recommend this Game, Amazing Characters, Amazing Storytelling, Extremely Fun, Single Player, Educational, Quickly Understand the Controls, Great for Beginners",,23.42
Tom Clancy’s Ghost Recon Wildlands - Fallen Ghosts,2021-10-05,2021,False,False,False,,,,70.0,
Europa Universalis IV,2021-09-30,2021,False,True,True,49.99,Paradox Development Studio  ,"Diverse Characters, RELAXING, Competitive Community, Challenging Combat, Windows, Simulation, Recommend this Game, Multiplayer, Competitive, Amazing Characters, Amazing Storytelling, Extremely Fun, Single Player, Educational, Strategy, Mac OS",87.0,95.5
Europa Universalis IV,2021-09-30,2021,False,True,True,49.99,Paradox Development Studio  ,"Diverse Characters, RELAXING, Competitive Community, Challenging Combat, Windows, Simulation, Recommend this Game, Multiplayer, Competitive, Amazing Characters, Amazing Storytelling, Extremely Fun, Single Player, Educational, Strategy, Mac OS",87.0,95.5
2064: Read Only Memories,2021-09-28,2021,False,True,True,19.99,"MidBoss, LLC","Cloud Saves, Investigation, Single Player, Windows, Adventure, Mac OS",76.0,9.1
The Escapists,2021-09-23,2021,True,True,True,17.99,Team17 Digital Limited,"Action, Single Player, Strategy, Windows",74.0,19.43
Speed Brawl,2021-09-16,2021,False,True,True,19.99,Double Stallion Games,"Action, Co-op, Fighting, Multiplayer, Great Boss Battles, Single Player, Windows, Controller Support, Platformer",,7.22
Tharsis,2021-09-16,2021,False,True,True,14.99,"Choice Provisions, Inc","Cloud Saves, Single Player, Strategy, Windows",61.0,2.23
Nioh: The Complete Edition,2021-09-09,2021,False,True,True,49.99,"KOEI TECMO GAMES CO., LTD.","Action, Diverse Characters, Cloud Saves, Challenging Combat, Windows, Co-op, Recommend this Game, Multiplayer, Amazing Characters, Amazing Storytelling, Great Boss Battles, Extremely Fun, RPG, Single Player, Inclusive Character Customization",86.0,
Sheltered,2021-09-09,2021,False,True,True,14.99,Team17,"Diverse Characters, RELAXING, Cloud Saves, Creative Community, Windows, Recommend this Game, Amazing Characters, Amazing Storytelling, Extremely Fun, RPG, Single Player, Strategy, Inclusive Character Customization, Quickly Understand the Controls, Great for Beginners",70.0,21.47
Yoku's Island Express,2021-09-02,2021,False,True,True,19.99,Team17,"Great for Quick Sessions, RELAXING, Windows, Indie, Playful Visuals, Recommend this Game, Amazing Characters, Amazing Storytelling, Extremely Fun, Action-Adventure, Single Player, Adventure, Quickly Understand the Controls, Metroidvania, Great for Beginners",83.0,5.65
Automachef,2021-08-26,2021,False,True,True,14.99,Team17,"RELAXING, Cloud Saves, Creative Community, Challenging Combat, Windows, Indie, Simulation, Recommend this Game, Amazing Storytelling, Extremely Fun, Single Player, Educational, Quickly Understand the Controls",68.0,24.99
Saints Row: The Third - Remastered,2021-08-25,2021,False,True,True,29.99,Deep Silver,"Action, Diverse Characters, RELAXING, Silly Community, Windows, Recommend this Game, Multiplayer, Amazing Characters, Amazing Storytelling, Great Boss Battles, Extremely Fun, Quickly Understand the Controls, Vampire, Great for Beginners",74.0,13.32
Void Bastards,2021-08-19,2021,False,True,True,29.99,Humble Bundle,"Action, Great for Quick Sessions, Diverse Characters, RELAXING, Challenging Combat, Windows, Controller Support, Unique Visuals, Recommend this Game, Amazing Characters, Amazing Storytelling, Extremely Fun, Shooter, Single Player, Quickly Understand the Controls, Great for Beginners",81.0,8.49
Yooka-Laylee,2021-08-19,2021,False,True,True,39.99,Team17,"Diverse Characters, RELAXING, Cloud Saves, Windows, Controller Support, Indie, Playful Visuals, Recommend this Game, Multiplayer, Amazing Characters, Amazing Storytelling, Extremely Fun, Single Player, Adventure, Quickly Understand the Controls, Platformer, Great for Beginners",68.0,15.45
Rebel Galaxy,2021-08-12,2021,True,True,True,19.99,"Double Damage Games, Inc.","Space Sim, Great for Quick Sessions, RELAXING, Windows, Controller Support, Recommend this Game, Amazing Characters, Amazing Storytelling, Extremely Fun, RPG, Single Player, Open World, Quickly Understand the Controls, Great for Beginners",75.0,21.99
Rebel Galaxy,2021-08-12,2021,True,True,True,19.99,"Double Damage Games, Inc.","Space Sim, Great for Quick Sessions, RELAXING, Windows, Controller Support, Recommend this Game, Amazing Characters, Amazing Storytelling, Extremely Fun, RPG, Single Player, Open World, Quickly Understand the Controls, Great for Beginners",75.0,21.99
A Plague Tale: Innocence,2021-08-05,2021,False,True,True,39.99,Focus Entertainment,"Action, Diverse Characters, RELAXING, Cloud Saves, Creative Community, Windows, Recommend this Game, Amazing Characters, Amazing Storytelling, Great Boss Battles, Extremely Fun, Single Player, Educational, Adventure, Quickly Understand the Controls, Great for Beginners",81.0,10.94
A Plague Tale: Innocence,2021-08-05,2021,False,True,True,39.99,Focus Entertainment,"Action, Diverse Characters, RELAXING, Cloud Saves, Creative Community, Windows, Recommend this Game, Amazing Characters, Amazing Storytelling, Great Boss Battles, Extremely Fun, Single Player, Educational, Adventure, Quickly Understand the Controls, Great for Beginners",81.0,10.94
Minit,2021-08-05,2021,True,True,False,,,,81.0,1.67
MOTHERGUNSHIP,2021-07-29,2021,False,True,True,24.99,Versus Evil,"Action, FPS, RELAXING, Cloud Saves, Challenging Combat, Windows, Co-op, Recommend this Game, Multiplayer, Amazing Storytelling, Great Boss Battles, Extremely Fun, Shooter, Single Player, Quickly Understand the Controls, Great for Beginners",72.0,4.31
Train Sim World 2,2021-07-29,2021,False,True,False,,,,,21.0
Defense Grid: The Awakening,2021-07-22,2021,True,True,True,9.99,Hidden Path Entertainment,"RELAXING, Cloud Saves, Achievements, Creative Community, Challenging Combat, Windows, Simulation, Base-Building, Tower Defense, Recommend this Game, Amazing Characters, Amazing Storytelling, Extremely Fun, Single Player, Strategy, Quickly Understand the Controls, Great for Beginners",82.0,11.31
Defense Grid: The Awakening,2021-07-22,2021,True,True,True,9.99,Hidden Path Entertainment,"RELAXING, Cloud Saves, Achievements, Creative Community, Challenging Combat, Windows, Simulation, Base-Building, Tower Defense, Recommend this Game, Amazing Characters, Amazing Storytelling, Extremely Fun, Single Player, Strategy, Quickly Understand the Controls, Great for Beginners",82.0,11.31
Verdun,2021-07-22,2021,False,True,True,19.99,BlackMill Games,"Action, Diverse Characters, Gift A Game, Competitive Community, Cloud Saves, Achievements, Challenging Combat, Windows, Controller Support, Realistic Visuals, Recommend this Game, Competitive, Amazing Characters, Amazing Storytelling, Extremely Fun, Single Player, Educational, Quickly Understand the Controls, Mac OS, RELAXING, WAR, Co-op, Multiplayer, Shooter, Great for Beginners",56.0,5.84
Obduction,2021-07-15,2021,False,True,True,29.99,"Cyan, Inc.","Puzzle, Cloud Saves, Single Player, Windows, Adventure, Challenging Puzzles, Mac OS, Indie",76.0,11.9
Offworld Trading Company,2021-07-15,2021,True,True,True,29.99,Stardock Entertainment,"RTS, RELAXING, Competitive Community, Challenging Combat, Windows, Indie, Recommend this Game, Competitive, Amazing Storytelling, Extremely Fun, Educational, Strategy, Quickly Understand the Controls",78.0,9.48
Offworld Trading Company,2021-07-15,2021,True,True,True,29.99,Stardock Entertainment,"RTS, RELAXING, Competitive Community, Challenging Combat, Windows, Indie, Recommend this Game, Competitive, Amazing Storytelling, Extremely Fun, Educational, Strategy, Quickly Understand the Controls",78.0,9.48
Bridge Constructor: The Walking Dead,2021-07-08,2021,False,True,True,9.99,Headup,"Simulation, Puzzle, Cloud Saves, Single Player, Windows, Strategy, Challenging Puzzles, Mac OS",72.0,8.62
Ironcast,2021-07-08,2021,False,True,True,14.99,Ripstone Ltd,"Cloud Saves, RPG, Challenging Combat, Single Player, Strategy, Windows, Controller Support, Quickly Understand the Controls, Indie",80.0,8.46
The Spectrum Retreat,2021-07-01,2021,False,True,True,12.99,Ripstone Ltd,"Puzzle, Cloud Saves, Single Player, Strategy, Windows, Adventure, Controller Support",67.0,5.05
Horizon Chase Turbo,2021-06-24,2021,False,True,False,,,,82.0,10.21
Horizon Chase Turbo,2021-06-24,2021,False,True,False,,,,82.0,10.21
Sonic Mania,2021-06-24,2021,False,True,True,19.99,SEGA,"Action, Great for Quick Sessions, Diverse Characters, RELAXING, Creative Community, Windows, Sonic Franchise Sale, Epic Savings, Controller Support, Co-op, Recommend this Game, Amazing Characters, Amazing Storytelling, Great Boss Battles, Extremely Fun, Single Player, Quickly Understand the Controls, Platformer, Great for Beginners",86.0,5.66
Hell is Other Demons,2021-06-17,2021,False,True,True,9.99,Kongregate,"Recommend this Game, RELAXING, Extremely Fun, Cloud Saves, Shooter, Single Player, Rogue-Lite, Windows, Quickly Understand the Controls, Platformer, Mac OS, Great for Beginners",74.0,3.14
Overcooked! 2,2021-06-17,2021,False,True,True,24.99,Team17 Digital Ltd,"Online Multiplayer, Great for Quick Sessions, Diverse Characters, RELAXING, Gift A Game, Cloud Saves, Windows, Co-op, Playful Visuals, Simulation, Recommend this Game, Amazing Characters, Amazing Storytelling, Extremely Fun, Quickly Understand the Controls, Local Multiplayer, Great for Beginners",81.0,7.09
Control,2021-06-10,2021,False,True,True,29.99,Remedy Entertainment,"Action, Single Player, Windows, Adventure, Supernatural",82.0,11.71
Control,2021-06-10,2021,False,True,True,29.99,Remedy Entertainment,"Action, Single Player, Windows, Adventure, Supernatural",82.0,11.71
Control,2021-06-10,2021,False,True,True,29.99,Remedy Entertainment,"Action, Single Player, Windows, Adventure, Supernatural",82.0,11.71
Frostpunk,2021-06-03,2021,False,True,True,29.99,11 bit studios,"RELAXING, Cloud Saves, Creative Community, Challenging Combat, Windows, Unique Visuals, Recommend this Game, Amazing Characters, Amazing Storytelling, Extremely Fun, Survival, City Builder, Single Player, Educational, Strategy, Quickly Understand the Controls",84.0,10.65
Among Us,2021-05-27,2021,False,True,True,4.99,Innersloth ,"Online Multiplayer, Great for Quick Sessions, Diverse Characters, RELAXING, Gift A Game, Competitive Community, Windows, Casual, Co-op, Recommend this Game, Competitive, Amazing Characters, Amazing Storytelling, Extremely Fun, Quickly Understand the Controls, Great for Beginners",85.0,8.66
NBA 2K21,2021-05-20,2021,False,True,False,,,,68.0,22.67
The Lion's Song,2021-05-13,2021,False,True,True,7.99,Mi'pu'mi Games,"Narration, Single Player, Windows, Adventure, Mac OS",81.0,3.94
Pine,2021-05-06,2021,False,True,False,,,,48.0,17.03
World of Warships Exclusive Starter Pack,2021-05-06,2021,False,False,False,,,,81.0,
Idle Champions of the Forgotten Realms - Epic Champions of Renown Pack,2021-04-29,2021,False,False,False,,,,,
Alien: Isolation - Last Survivor,2021-04-22,2021,False,False,False,,,,,
Alien: Isolation,2021-04-22,2021,True,True,True,39.99,SEGA,"Action, Diverse Characters, Recommend this Game, Amazing Characters, Amazing Storytelling, Extremely Fun, Cloud Saves, Creative Community, Challenging Combat, Single Player, Windows, Quickly Understand the Controls",79.0,18.29
Hand of Fate 2,2021-04-22,2021,False,True,True,29.99,Defiant Development,"Action, Cloud Saves, Achievements, Creative Community, Windows, Unique Visuals, Recommend this Game, Amazing Characters, Amazing Storytelling, Extremely Fun, Great Boss Battles, Single Player, Quickly Understand the Controls, Mac OS, Great for Beginners",80.0,22.2
Deponia: The Complete Journey,2021-04-15,2021,False,True,True,29.99,Daedalic Entertainment,"Diverse Characters, RELAXING, Cloud Saves, Challenging Combat, Windows, Unique Visuals, Puzzle, Recommend this Game, Amazing Characters, Amazing Storytelling, Extremely Fun, Comedy, Adventure, Quickly Understand the Controls, Challenging Puzzles, Great for Beginners",,26.3
Ken Follett's The Pillars of the Earth,2021-04-15,2021,False,True,True,19.99,Daedalic Entertainment,"Puzzle, Narration, Impact the Story, Cloud Saves, Achievements, Single Player, Windows, Adventure, Controller Support, Easy Puzzles",78.0,14.47
The First Tree,2021-04-15,2021,False,True,True,9.99,David Wehle,"Exploration, Achievements, Adventure, Controller Support, Indie",81.0,1.82
3 out of 10: Season Two,2021-04-08,2021,False,True,True,0.0,"Terrible Posture Games, Inc.","Single Player, Windows, Comedy, Adventure, Controller Support",79.0,3.49
Tales of the Neon Sea,2021-04-01,2021,False,True,True,16.99,Thermite Games,"Puzzle, Cloud Saves, Investigation, Single Player, Windows, Adventure, Controller Support",62.0,8.94
Creature in the Well,2021-03-25,2021,False,True,True,14.99,MWM Interactive,"Action, Great Boss Battles, Cloud Saves, Single Player, Windows, Indie",76.0,4.24
The Fall,2021-03-18,2021,False,True,False,,,,,3.44
Surviving Mars,2021-03-11,2021,True,True,True,29.99,Paradox Interactive,"Survival, Single Player, City Builder, Strategy, Windows, OSX, Controller Support",76.0,22.07
Surviving Mars,2021-03-11,2021,True,True,True,29.99,Paradox Interactive,"Survival, Single Player, City Builder, Strategy, Windows, OSX, Controller Support",76.0,22.07
Wargame: Red Dragon,2021-03-04,2021,False,True,True,29.99,Eugen Systems,"Online Multiplayer, Diverse Characters, Competitive Community, Challenging Combat, Windows, Co-op, Simulation, Recommend this Game, Competitive, Amazing Characters, Amazing Storytelling, Extremely Fun, Single Player, Educational, Strategy",78.0,49.06
Sunless Sea,2021-02-25,2021,False,True,True,18.99,Failbetter Games,"Diverse Characters, RELAXING, Cloud Saves, Achievements, Creative Community, Windows, Indie, Unique Visuals, Recommend this Game, Amazing Characters, Amazing Storytelling, Extremely Fun, RPG, Single Player, Inclusive Character Customization, Adventure, Quickly Understand the Controls, Mac OS",81.0,21.76
Absolute Drift,2021-02-18,2021,False,True,True,11.99,Funselektor Labs Inc.,"Recommend this Game, Cloud Saves, Achievements, Single Player, Windows, Racing, Mac OS, Indie",70.0,2.71
RAGE 2,2021-02-18,2021,False,True,True,39.99,Bethesda Softworks,"Action, FPS, RELAXING, Cloud Saves, Achievements, Windows, Recommend this Game, Amazing Characters, Amazing Storytelling, Great Boss Battles, Extremely Fun, Open World, Quickly Understand the Controls, Great for Beginners",73.0,10.61
Halcyon 6: Starbase Commander,2021-02-11,2021,False,True,True,14.99,Massive Damage,"Cloud Saves, RPG, Single Player, Strategy, Windows, Indie",71.0,14.98
For The King,2021-02-04,2021,True,True,True,19.99,Curve Digital,"Co-op, Turn-Based, Windows, Adventure, Mac OS",79.0,11.86
For The King,2021-02-04,2021,True,True,True,19.99,Curve Digital,"Co-op, Turn-Based, Windows, Adventure, Mac OS",79.0,11.86
Metro: Last Light Redux,2021-02-04,2021,False,True,True,19.99,Deep Silver,"Action, Single Player, Shooter, Windows, First Person",76.0,9.78
Dandara: Trials of Fear Edition,2021-01-28,2021,False,True,True,14.99,Raw Fury,"Action, Great Boss Battles, Windows, Mac OS, Platformer, Metroidvania",,6.87
Galactic Civilizations III,2021-01-21,2021,False,True,True,24.99,Stardock Entertainment,"Diverse Characters, Recommend this Game, Amazing Characters, RELAXING, Amazing Storytelling, Extremely Fun, Cloud Saves, Creative Community, Windows, Strategy, Quickly Understand the Controls, 4X",81.0,27.21
Galactic Civilizations III,2021-01-21,2021,False,True,True,24.99,Stardock Entertainment,"Diverse Characters, Recommend this Game, Amazing Characters, RELAXING, Amazing Storytelling, Extremely Fun, Cloud Saves, Creative Community, Windows, Strategy, Quickly Understand the Controls, 4X",81.0,27.21
STAR WARS Battlefront II: Celebration Edition,2021-01-14,2021,False,True,True,39.99,Electronic Arts,"Action, Gift A Game, EA Play, Achievements, EA Play Included, EA Play Discount, Windows, Epic Savings, Co-op, Multiplayer, Shooter, Single Player, Adventure",68.0,
Crying Suns,2021-01-07,2021,False,True,True,24.99,Humble Games,"Diverse Characters, RELAXING, Cloud Saves, Achievements, Challenging Combat, Rogue-Like, Windows, Unique Visuals, Recommend this Game, Amazing Characters, Amazing Storytelling, Extremely Fun, RPG, Single Player, Strategy, Inclusive Character Customization, Quickly Understand the Controls, Mac OS, Great for Beginners",75.0,14.81
Jurassic World Evolution,2020-12-31,2020,False,True,True,44.99,Frontier Developments,"Diverse Characters, RELAXING, Cloud Saves, Creative Community, Windows, Simulation, Recommend this Game, Amazing Characters, Amazing Storytelling, Extremely Fun, Single Player, Educational, Strategy, Quickly Understand the Controls, Great for Beginners",69.0,25.43
Torchlight II,2020-12-30,2020,True,True,True,19.99,Arc Games,"Action, Diverse Characters, RELAXING, Cloud Saves, Creative Community, Windows, Co-op, Dungeon Crawler, Recommend this Game, Amazing Characters, Amazing Storytelling, Great Boss Battles, Extremely Fun, RPG, Action-Adventure, Inclusive Character Customization, Quickly Understand the Controls, Mac OS, Great for Beginners",88.0,20.75
Torchlight II,2020-12-30,2020,True,True,True,19.99,Arc Games,"Action, Diverse Characters, RELAXING, Cloud Saves, Creative Community, Windows, Co-op, Dungeon Crawler, Recommend this Game, Amazing Characters, Amazing Storytelling, Great Boss Battles, Extremely Fun, RPG, Action-Adventure, Inclusive Character Customization, Quickly Understand the Controls, Mac OS, Great for Beginners",88.0,20.75
Solitairica,2020-12-29,2020,False,True,True,9.99,Righteous Hammer Games,"Great for Quick Sessions, RELAXING, Cloud Saves, Challenging Combat, Windows, Indie, Playful Visuals, Recommend this Game, Amazing Characters, Extremely Fun, Single Player, Rogue-Lite, Card Game, Quickly Understand the Controls, Great for Beginners",82.0,8.41
Stranded Deep,2020-12-28,2020,False,True,True,19.99,Beam Team Publishing,"RELAXING, Gift A Game, Cloud Saves, Creative Community, Windows, Indie, Recommend this Game, Multiplayer, Amazing Storytelling, Extremely Fun, Survival, Quickly Understand the Controls, Great for Beginners",65.0,22.93
Night in the Woods,2020-12-27,2020,False,True,True,19.99,Finji,"Narration, Impact the Story, Single Player, Windows, Adventure, Platformer, Mac OS",88.0,8.9
My Time At Portia,2020-12-26,2020,False,True,True,29.99,Focus Home,"Diverse Characters, RELAXING, Kind Community, Creative Community, Easy Combat, Windows, Controller Support, Playful Visuals, Simulation, Recommend this Game, Amazing Characters, Amazing Storytelling, Extremely Fun, RPG, Single Player, Open World, Inclusive Character Customization, Quickly Understand the Controls, Great for Beginners",73.0,69.13
Darkest Dungeon,2020-12-25,2020,False,True,True,39.99,Red Hook Studios,"Turn-Based Strategy, Diverse Characters, Cloud Saves, Achievements, Creative Community, Challenging Combat, Windows, Unique Visuals, Recommend this Game, Amazing Characters, Amazing Storytelling, Extremely Fun, RPG, Single Player, Strategy, Inclusive Character Customization, Quickly Understand the Controls, Mac OS",84.0,56.63
INSIDE,2020-12-24,2020,True,True,True,24.99,Playdead,"Puzzle, Single Player, Windows, Adventure, Controller Support, Indie",93.0,3.56
INSIDE,2020-12-24,2020,True,True,True,24.99,Playdead,"Puzzle, Single Player, Windows, Adventure, Controller Support, Indie",93.0,3.56
Tropico 5,2020-12-23,2020,False,True,True,19.99,Kalypso Media Group GmbH,"RELAXING, Cloud Saves, Creative Community, Windows, Simulation, Recommend this Game, Multiplayer, Amazing Characters, Amazing Storytelling, Extremely Fun, RPG, Single Player, Educational, Strategy, Quickly Understand the Controls, Great for Beginners",75.0,22.64
Metro 2033 Redux,2020-12-22,2020,True,True,True,19.99,Deep Silver,"Action, Single Player, Shooter, Windows, First Person",90.0,9.05
Metro 2033 Redux,2020-12-22,2020,True,True,True,19.99,Deep Silver,"Action, Single Player, Shooter, Windows, First Person",90.0,9.05
Alien: Isolation,2020-12-21,2020,False,True,True,39.99,SEGA,"Action, Diverse Characters, Recommend this Game, Amazing Characters, Amazing Storytelling, Extremely Fun, Cloud Saves, Creative Community, Challenging Combat, Single Player, Windows, Quickly Understand the Controls",79.0,18.29
Defense Grid: The Awakening,2020-12-20,2020,False,True,True,9.99,Hidden Path Entertainment,"RELAXING, Cloud Saves, Achievements, Creative Community, Challenging Combat, Windows, Simulation, Base-Building, Tower Defense, Recommend this Game, Amazing Characters, Amazing Storytelling, Extremely Fun, Single Player, Strategy, Quickly Understand the Controls, Great for Beginners",82.0,11.31
Defense Grid: The Awakening,2020-12-20,2020,False,True,True,9.99,Hidden Path Entertainment,"RELAXING, Cloud Saves, Achievements, Creative Community, Challenging Combat, Windows, Simulation, Base-Building, Tower Defense, Recommend this Game, Amazing Characters, Amazing Storytelling, Extremely Fun, Single Player, Strategy, Quickly Understand the Controls, Great for Beginners",82.0,11.31
The Long Dark,2020-12-19,2020,False,True,True,34.99,Hinterland Studio Inc.,"RELAXING, Cloud Saves, Creative Community, Challenging Combat, Windows, Recommend this Game, Amazing Characters, Amazing Storytelling, Extremely Fun, Survival, Single Player, Adventure, Quickly Understand the Controls, Mac OS",77.0,22.55
Oddworld: New 'n' Tasty,2020-12-18,2020,False,True,True,19.99,"Oddworld Inhabitants, Inc.","Action, Puzzle, Single Player, Windows, Challenging Puzzles, Platformer",84.0,7.44
Cities: Skylines,2020-12-17,2020,False,True,True,29.99,Paradox Interactive,"RELAXING, Cloud Saves, Creative Community, Achievements, Windows, Simulation, Recommend this Game, Amazing Characters, Amazing Storytelling, Extremely Fun, City Builder, Single Player, Educational, Quickly Understand the Controls, Great for Beginners",85.0,27.6
Cities: Skylines,2020-12-17,2020,False,True,True,29.99,Paradox Interactive,"RELAXING, Cloud Saves, Creative Community, Achievements, Windows, Simulation, Recommend this Game, Amazing Characters, Amazing Storytelling, Extremely Fun, City Builder, Single Player, Educational, Quickly Understand the Controls, Great for Beginners",85.0,27.6
Pillars of Eternity: Definitive Edition,2020-12-10,2020,False,True,True,39.99,Paradox Interactive,"Diverse Characters, RELAXING, Achievements, Creative Community, Challenging Combat, Windows, Recommend this Game, Amazing Characters, Amazing Storytelling, Extremely Fun, RPG, Single Player, Inclusive Character Customization, Quickly Understand the Controls",,36.21
Tyranny: Gold Edition,2020-12-10,2020,False,True,True,49.99,Paradox Interactive,"Action, Diverse Characters, RELAXING, Creative Community, Windows, Unique Visuals, Recommend this Game, Amazing Characters, Amazing Storytelling, Great Boss Battles, Extremely Fun, RPG, Inclusive Character Customization, Adventure, Quickly Understand the Controls",87.0,24.75
Cave Story+,2020-12-03,2020,False,True,True,14.99,Nicalis Inc.,"Action, Amazing Storytelling, Great Boss Battles, Cloud Saves, Challenging Combat, Windows, Adventure, Controller Support, Platformer",89.0,6.31
Cave Story+,2020-12-03,2020,False,True,True,14.99,Nicalis Inc.,"Action, Amazing Storytelling, Great Boss Battles, Cloud Saves, Challenging Combat, Windows, Adventure, Controller Support, Platformer",89.0,6.31
MudRunner,2020-11-26,2020,False,True,True,19.99,Focus Entertainment,"RELAXING, Cloud Saves, Creative Community, Windows, Realistic Visuals, Simulation, Recommend this Game, Amazing Characters, Amazing Storytelling, Extremely Fun, Single Player, Educational, Quickly Understand the Controls, Great for Beginners",67.0,17.46
Elite Dangerous,2020-11-19,2020,False,True,True,19.99,Frontier Developments,"Action, Online Multiplayer, Space, Space Sim, RELAXING, Challenging Combat, Windows, Recommend this Game, Amazing Storytelling, Extremely Fun, 217, Single Player, Educational, Vampire",80.0,113.63
The World Next Door,2020-11-19,2020,False,True,True,9.99,VIZ Media,"Action, Cloud Saves, Single Player, Windows, Adventure, Indie, Mac OS",63.0,3.39
The Textorcist: The Story of Ray Bibbia,2020-11-12,2020,False,True,True,14.99,Headup GmbH,"Action, Great Boss Battles, Cloud Saves, Single Player, Windows, Mac OS, Indie",78.0,4.2
Dungeons 3,2020-11-05,2020,False,True,True,29.99,Kalypso Media,"Diverse Characters, RELAXING, Cloud Saves, Achievements, Windows, Playful Visuals, Recommend this Game, Multiplayer, Amazing Characters, Amazing Storytelling, Extremely Fun, Single Player, Strategy, Quickly Understand the Controls, Great for Beginners",75.0,26.09
Blair Witch,2020-10-29,2020,False,True,True,29.99,Bloober Team NA,"Horror, Cloud Saves, Single Player, Windows, Supernatural, First Person",69.0,5.14
Ghostbusters: The Video Game Remastered,2020-10-29,2020,False,True,True,24.99,Mad Dog Games,"Action, Great Boss Battles, Single Player, Windows, Adventure",66.0,7.54
Costume Quest 2,2020-10-22,2020,False,True,True,14.99,Majesco Entertainment,"Action, Great Boss Battles, Cloud Saves, Action-Adventure, Turn-Based, Single Player, Windows, Adventure",68.0,6.75
Costume Quest 2,2020-10-22,2020,False,True,True,14.99,Majesco Entertainment,"Action, Great Boss Battles, Cloud Saves, Action-Adventure, Turn-Based, Single Player, Windows, Adventure",68.0,6.75
Layers of Fear 2,2020-10-22,2020,False,True,True,19.99,Bloober Team SA,"Horror, Cloud Saves, Single Player, Storybook, Windows, Epic Savings, Indie",70.0,5.01
Amnesia: A Machine for Pigs,2020-10-15,2020,False,True,True,19.99,Frictional Games,"Horror, Single Player, Windows, First Person, Mac OS, Indie",72.0,4.14
Kingdom: New Lands,2020-10-15,2020,True,True,True,14.99,Raw Fury,"Simulation, Survival, Single Player, Strategy, Windows, OSX, Controller Support",74.0,10.7
ABZÛ,2020-10-08,2020,True,True,True,19.99,505 Games,"Exploration, Single Player, Windows, Adventure, Controller Support",78.0,1.93
ABZÛ,2020-10-08,2020,True,True,True,19.99,505 Games,"Exploration, Single Player, Windows, Adventure, Controller Support",78.0,1.93
Rising Storm 2: Vietnam,2020-10-08,2020,False,True,True,24.99,Tripwire Interactive,"Action, Diverse Characters, Competitive Community, Challenging Combat, Windows, Realistic Visuals, Recommend this Game, Multiplayer, Competitive, Amazing Characters, Amazing Storytelling, Extremely Fun, Strategy, Quickly Understand the Controls",81.0,2.18
Pikuniku,2020-10-01,2020,False,True,True,12.99,Devolver Digital,"Diverse Characters, Cloud Saves, Easy Combat, Windows, Indie, Co-op, Casual, Recommend this Game, Amazing Characters, Amazing Storytelling, Extremely Fun, Single Player, Adventure, Quickly Understand the Controls, Mac OS, Great for Beginners",76.0,3.11
RollerCoaster Tycoon 3: Complete Edition,2020-09-24,2020,False,True,True,19.99,Frontier Foundry,"RELAXING, Creative Community, Easy Combat, Windows, Epic Savings, Playful Visuals, Simulation, Recommend this Game, Amazing Characters, Amazing Storytelling, Extremely Fun, Single Player, Strategy, Quickly Understand the Controls, Great for Beginners",72.0,20.47
Football Manager 2020,2020-09-17,2020,False,True,False,,,,84.0,281.75
Stick it to The Man!,2020-09-17,2020,False,True,True,7.99,Ripstone,"Action, Cloud Saves, Single Player, Windows, Adventure, Platformer",79.0,4.42
Watch_Dogs 2,2020-09-17,2020,False,True,True,49.99,Ubisoft Entertainment,"Action, Co-op, Single Player, Windows, Adventure",82.0,19.55
Railway Empire,2020-09-10,2020,False,True,True,29.99,Kalypso Media,"RELAXING, Cloud Saves, Achievements, Creative Community, Windows, Controller Support, Simulation, Recommend this Game, Amazing Storytelling, Extremely Fun, Single Player, Educational, Strategy, Quickly Understand the Controls, Great for Beginners",74.0,21.12
Where the Water Tastes Like Wine,2020-09-10,2020,False,True,True,19.99,Good Shepherd Entertainment,"Narration, Cloud Saves, Single Player, Windows, Adventure",74.0,11.32
Into the Breach,2020-09-03,2020,True,True,True,14.99,Subset Games,"Single Player, Turn-Based, Strategy, Rogue-Lite, Windows",90.0,5.74
Into the Breach,2020-09-03,2020,True,True,True,14.99,Subset Games,"Single Player, Turn-Based, Strategy, Rogue-Lite, Windows",90.0,5.74
Borderlands 2 - Commander Lilith & the Fight for Sanctuary,2020-09-01,2020,False,False,False,,,,,
Hitman,2020-08-27,2020,False,True,False,,,,84.0,10.73
Shadowrun Returns,2020-08-27,2020,False,True,True,14.99,Paradox Interactive,"RPG, Turn-Based, Inclusive Character Customization, Windows",76.0,11.6
Shadowrun: Dragonfall - Director's Cut,2020-08-27,2020,False,True,True,14.99,Paradox Interactive,"Diverse Characters, Fantasy, RPG, Turn-Based, Strategy, Inclusive Character Customization, Windows",87.0,20.61
Shadowrun: Hong Kong - Extended Edition,2020-08-27,2020,False,True,True,19.99,Paradox Interactive,"Extremely Fun, RPG, Turn-Based, Inclusive Character Customization, Windows, Indie",,20.49
God's Trigger,2020-08-20,2020,False,True,True,14.99,Techland,"Action, Great Boss Battles, Rogue-Like, Windows, Indie",71.0,5.19
Enter the Gungeon,2020-08-20,2020,True,True,True,14.99,Devolver Digital,"Action, Diverse Characters, Cloud Saves, Challenging Combat, Windows, Controller Support, Indie, Recommend this Game, Amazing Characters, Amazing Storytelling, Great Boss Battles, Extremely Fun, Single Player, Rogue-Lite, Adventure, Quickly Understand the Controls, Mac OS",82.0,22.46
Enter the Gungeon,2020-08-20,2020,True,True,True,14.99,Devolver Digital,"Action, Diverse Characters, Cloud Saves, Challenging Combat, Windows, Controller Support, Indie, Recommend this Game, Amazing Characters, Amazing Storytelling, Great Boss Battles, Extremely Fun, Single Player, Rogue-Lite, Adventure, Quickly Understand the Controls, Mac OS",82.0,22.46
Remnant: From the Ashes,2020-08-13,2020,False,True,True,39.99,Arc Games,"Action, Online Multiplayer, Diverse Characters, RELAXING, Challenging Combat, Windows, Co-op, Recommend this Game, Amazing Characters, Amazing Storytelling, Great Boss Battles, Extremely Fun, Shooter, Quickly Understand the Controls",78.0,13.26
The Alto Collection,2020-08-13,2020,False,True,True,9.99,Noodlecake Studios,"Great for Quick Sessions, Diverse Characters, RELAXING, Kind Community, Achievements, Windows, Beautiful Visuals, Indie, Recommend this Game, Amazing Characters, Amazing Storytelling, Extremely Fun, Single Player, Adventure, Quickly Understand the Controls, Great for Beginners",76.0,6.25
A Total War Saga: Troy,2020-08-13,2020,False,True,True,49.99,SEGA,"Turn-Based Strategy, RTS, Diverse Characters, RELAXING, Windows, OSX, Recommend this Game, Multiplayer, Amazing Characters, Amazing Storytelling, Extremely Fun, Single Player, Educational, Strategy, Quickly Understand the Controls, Mac OS",75.0,35.13
"3 out of 10, EP 1: ""Welcome To Shovelworks""",2020-08-06,2020,False,True,True,0.0,"Terrible Posture Games, Inc.","Action, Free to Play, Single Player, Windows",,
Wilmot's Warehouse,2020-08-06,2020,False,True,True,14.99,Finji,"Co-op, Puzzle, Single Player, Windows, Controller Support, Mac OS, Indie",85.0,7.79
20XX,2020-07-30,2020,False,True,True,14.99,Batterystaple Games,"RELAXING, Cloud Saves, Challenging Combat, Windows, Co-op, Playful Visuals, Recommend this Game, Amazing Characters, Amazing Storytelling, Extremely Fun, Rogue-Lite, Quickly Understand the Controls, Platformer, Great for Beginners",77.0,5.98
Barony,2020-07-30,2020,False,True,True,19.99,Turning Wheel LLC,"Diverse Characters, RELAXING, Cloud Saves, Creative Community, Challenging Combat, Rogue-Like, Windows, First Person, Co-op, Dungeon Crawler, Unique Visuals, Recommend this Game, Amazing Characters, Amazing Storytelling, Extremely Fun, Single Player, Quickly Understand the Controls, Mac OS",,11.58
Superbrothers: Sword & Sworcery EP,2020-07-30,2020,False,True,True,7.99,Capybara Games,"Cloud Saves, Single Player, Windows, Adventure, Indie",86.0,4.11
Next Up Hero,2020-07-23,2020,False,True,True,19.99,"Aspyr Media, Inc.","Action, Dungeon Crawler, RPG, Windows, Controller Support",,15.0
Tacoma,2020-07-23,2020,False,True,True,19.99,Fullbright,"Cloud Saves, Single Player, Serenity Forge Publisher Sale, Windows, Adventure, First Person, Indie, Mac OS",76.0,2.52
Torchlight II,2020-07-16,2020,False,True,True,19.99,Arc Games,"Action, Diverse Characters, RELAXING, Cloud Saves, Creative Community, Windows, Co-op, Dungeon Crawler, Recommend this Game, Amazing Characters, Amazing Storytelling, Great Boss Battles, Extremely Fun, RPG, Action-Adventure, Inclusive Character Customization, Quickly Understand the Controls, Mac OS, Great for Beginners",88.0,20.75
Torchlight II,2020-07-16,2020,False,True,True,19.99,Arc Games,"Action, Diverse Characters, RELAXING, Cloud Saves, Creative Community, Windows, Co-op, Dungeon Crawler, Recommend this Game, Amazing Characters, Amazing Storytelling, Great Boss Battles, Extremely Fun, RPG, Action-Adventure, Inclusive Character Customization, Quickly Understand the Controls, Mac OS, Great for Beginners",88.0,20.75
Killing Floor 2,2020-07-09,2020,False,True,True,29.99,Tripwire Interactive,"Action, FPS, Horror, Diverse Characters, RELAXING, Gift A Game, Cloud Saves, Challenging Combat, Windows, First Person, Co-op, Recommend this Game, Multiplayer, Amazing Characters, Amazing Storytelling, Great Boss Battles, Extremely Fun, Survival, Shooter, Quickly Understand the Controls, Great for Beginners",75.0,16.32
Lifeless Planet: Premier Edition,2020-07-09,2020,False,True,True,19.99,Serenity Forge,"Action, Single Player, Serenity Forge Publisher Sale, Windows, Adventure, Indie",59.0,
The Escapists 2,2020-07-09,2020,False,True,True,19.99,Team17 Digital Ltd,"Diverse Characters, RELAXING, Cloud Saves, Windows, Indie, Simulation, Unique Visuals, Recommend this Game, Amazing Characters, Amazing Storytelling, Extremely Fun, Strategy, Quickly Understand the Controls, Great for Beginners",75.0,16.98
Hue,2020-07-02,2020,False,True,False,,,,77.0,4.66
Aer: Memories of Old,2020-06-25,2020,False,True,True,14.99,Daedalic Entertainment,"Exploration, Achievements, Single Player, Open World, Windows, Adventure",69.0,3.06
Stranger Things 3: The Game,2020-06-25,2020,False,True,False,,,,53.0,8.54
Pathway,2020-06-18,2020,False,True,True,16.99,Chucklefish,"Diverse Characters, RELAXING, Turn-Based, Windows, Recommend this Game, Amazing Characters, Amazing Storytelling, Extremely Fun, Single Player, Rogue-Lite, Strategy, Quickly Understand the Controls, Mac OS, Great for Beginners",68.0,11.03
ARK: Survival Evolved,2020-06-11,2020,False,True,True,14.99,Studio Wildcard,"Diverse Characters, RELAXING, Competitive Community, Challenging Combat, Windows, Recommend this Game, Amazing Characters, Amazing Storytelling, Extremely Fun, RPG, Survival, Single Player, Educational, Inclusive Character Customization, Adventure, Quickly Understand the Controls",70.0,67.59
ARK: Survival Evolved,2020-06-11,2020,False,True,True,14.99,Studio Wildcard,"Diverse Characters, RELAXING, Competitive Community, Challenging Combat, Windows, Recommend this Game, Amazing Characters, Amazing Storytelling, Extremely Fun, RPG, Survival, Single Player, Educational, Inclusive Character Customization, Adventure, Quickly Understand the Controls",70.0,67.59
Samurai Shodown Neogeo Collection,2020-06-11,2020,False,True,True,39.99,SNK,"Fighting, Multiplayer, Cloud Saves, Windows",76.0,3.27
Overcooked,2020-06-04,2020,True,True,True,16.99,team17,"Action, Co-op, Simulation, Single Player, Windows, Controller Support, Indie",78.0,7.75
Overcooked,2020-06-04,2020,True,True,True,16.99,team17,"Action, Co-op, Simulation, Single Player, Windows, Controller Support, Indie",78.0,7.75
Sludge Life,2020-05-28,2020,False,True,True,14.99,Devolver Digital,"Single Player, Windows, Adventure",73.0,2.19
Borderlands 2,2020-05-28,2020,False,True,True,,2K,"Action, Diverse Characters, RELAXING, Cloud Saves, Windows, Controller Support, First Person, Co-op, Unique Visuals, Recommend this Game, Multiplayer, Amazing Characters, Amazing Storytelling, Action RPG, Great Boss Battles, Extremely Fun, RPG, Shooter, Quickly Understand the Controls, Great for Beginners",89.0,30.09
Borderlands: The Pre-Sequel,2020-05-28,2020,False,True,True,,2K,"Diverse Characters, RELAXING, Windows, Controller Support, Co-op, Recommend this Game, Multiplayer, Amazing Characters, Amazing Storytelling, Extremely Fun, Shooter, Single Player, Quickly Understand the Controls, Great for Beginners",75.0,18.11
Sid Meier's Civilization VI,2020-05-21,2020,False,True,True,59.99,2K,"Turn-Based Strategy, Diverse Characters, RELAXING, Competitive Community, Creative Community, Turn-Based, Windows, 4X, Recommend this Game, Multiplayer, Competitive, Amazing Characters, Amazing Storytelling, Extremely Fun, Single Player, Educational, Strategy, Quickly Understand the Controls",88.0,23.35
Grand Theft Auto V,2020-05-14,2020,False,True,True,29.99,Rockstar Games,"Action, Diverse Characters, RELAXING, Achievements, Windows, Co-op, Recommend this Game, Multiplayer, Amazing Characters, Amazing Storytelling, Extremely Fun, Single Player, Open World, Adventure, Quickly Understand the Controls, Great for Beginners",97.0,32.04
Death Coming,2020-05-07,2020,False,True,True,6.99,NExT Studios,"Casual, Puzzle, Single Player, Strategy, Windows, Requires 2FA",75.0,4.06
Amnesia: The Dark Descent,2020-04-30,2020,False,True,True,19.99,Frictional Games,"Great for Quick Sessions, Horror, Windows, First Person, Requires 2FA, Recommend this Game, Amazing Characters, Amazing Storytelling, Extremely Fun, Single Player, Quickly Understand the Controls, Mac OS, Great for Beginners",85.0,7.95
Crashlands,2020-04-30,2020,False,True,True,14.99,Butterscotch Shenanigans,"Action, Diverse Characters, RELAXING, Promotional Content, Windows, Requires 2FA, Recommend this Game, Amazing Characters, Great Boss Battles, Extremely Fun, RPG, Single Player, Inclusive Character Customization, Adventure",78.0,28.27
For The King,2020-04-23,2020,False,True,True,19.99,Curve Digital,"Co-op, Turn-Based, Windows, Adventure, Mac OS",79.0,11.86
For The King,2020-04-23,2020,False,True,True,19.99,Curve Digital,"Co-op, Turn-Based, Windows, Adventure, Mac OS",79.0,11.86
Just Cause 4,2020-04-16,2020,False,True,True,39.99,Square Enix,"Action, RELAXING, Creative Community, Square Enix Holiday Sale, Windows, Square Enix Sale, Recommend this Game, Amazing Characters, Amazing Storytelling, Extremely Fun, Physics, Single Player, Open World, Quickly Understand the Controls, Great for Beginners",68.0,16.11
Wheels of Aurelia,2020-04-16,2020,False,True,True,14.99,Santa Ragione,"Narration, Single Player, Windows, Racing, Indie, Mac OS",63.0,0.48
Close to the Sun,2020-04-09,2020,False,True,True,19.99,Wired Productions,"Horror, Single Player, Windows, Adventure, First Person",66.0,4.11
Sherlock Holmes: Crimes and Punishments,2020-04-09,2020,False,True,True,29.99,Frogwares,"Action, Puzzle, Single Player, Windows, Adventure, Controller Support",73.0,12.6
Gone Home,2020-04-02,2020,False,True,True,14.99,The Fullbright Company,"Action, Cloud Saves, Single Player, Serenity Forge Publisher Sale, Windows, Adventure, First Person, Mac OS",86.0,1.99
Hob,2020-04-02,2020,False,True,False,,,,76.0,10.31
Totally Reliable Delivery Service,2020-04-01,2020,False,True,True,14.99,"Infogrames, LLC","Physics, Single Player, Windows, Indie, Mac OS",64.0,2.91
Drawful 2,2020-03-27,2020,False,True,True,9.99,"Jackbox Games, Inc.","Casual, Multiplayer, Party, Trivia, Windows, Vampire",75.0,1.9
Figment,2020-03-26,2020,False,True,True,19.99,Bedtime Digital Games,"Action, Great Boss Battles, Single Player, Windows, Adventure, Indie",75.0,
Tormentor❌Punisher,2020-03-26,2020,False,True,True,7.99,Raw Fury,"Action, Windows, Indie",,
World War Z,2020-03-26,2020,False,True,True,29.99,Saber Interactive,"Action, Co-op, Multiplayer, Gift A Game, Shooter, Single Player, Windows, Controller Support, Vampire",67.0,7.4
The Stanley Parable,2020-03-19,2020,False,True,True,14.99,Galactic Cafe,"Narration, Impact the Story, Cloud Saves, Single Player, Windows, Comedy, Adventure",88.0,1.45
Watch_Dogs,2020-03-19,2020,False,True,True,19.99,Ubisoft,"Action, Co-op, Single Player, Windows, Adventure",80.0,19.55
A Short Hike,2020-03-12,2020,False,True,True,7.99,Adam Robinson-Yu,"Casual, Single Player, Windows, Platformer, Indie, Mac OS",88.0,1.51
Anodyne 2: Return to Dust,2020-03-12,2020,False,True,True,19.99,Analgesic Productions,"Exploration, Cloud Saves, Windows, Adventure, Mac OS, Indie",77.0,8.24
Mutazione,2020-03-12,2020,False,True,True,19.99,Akupara Games,"Cloud Saves, Fantasy, Single Player, Windows, Adventure, Supernatural, Mac OS",76.0,6.15
GoNNER,2020-03-05,2020,False,True,True,9.99,Raw Fury,"Windows, Mac OS",79.0,7.54
Offworld Trading Company,2020-03-05,2020,False,True,True,29.99,Stardock Entertainment,"RTS, RELAXING, Competitive Community, Challenging Combat, Windows, Indie, Recommend this Game, Competitive, Amazing Storytelling, Extremely Fun, Educational, Strategy, Quickly Understand the Controls",78.0,9.48
Offworld Trading Company,2020-03-05,2020,False,True,True,29.99,Stardock Entertainment,"RTS, RELAXING, Competitive Community, Challenging Combat, Windows, Indie, Recommend this Game, Competitive, Amazing Storytelling, Extremely Fun, Educational, Strategy, Quickly Understand the Controls",78.0,9.48
InnerSpace,2020-02-27,2020,False,True,True,19.99,Aspyr Media,"Exploration, Single Player, Windows, Epic Savings, Mac OS",63.0,5.57
Assassin's Creed: Syndicate,2020-02-20,2020,False,True,True,29.99,Ubisoft,"Action, Single Player, Open World, Windows, Stealth, Controller Support",76.0,19.0
Faeria,2020-02-20,2020,False,True,True,19.99,Versus Evil,"Great for Quick Sessions, Diverse Characters, RELAXING, Windows, Recommend this Game, Amazing Characters, Amazing Storytelling, Extremely Fun, RPG, Single Player, Strategy, Inclusive Character Customization, Card Game, Quickly Understand the Controls, Mac OS, Great for Beginners",80.0,11.76
Aztez,2020-02-13,2020,False,True,True,19.99,Team Colorblind,"Action, Fighting, Great Boss Battles, Single Player, Windows, Controller Support, Mac OS, Indie",81.0,3.88
Kingdom Come: Deliverance,2020-02-13,2020,False,True,True,29.99,Prime Matter,"Action, Diverse Characters, RELAXING, Cloud Saves, Achievements, Challenging Combat, Windows, Controller Support, Realistic Visuals, Recommend this Game, Amazing Characters, Amazing Storytelling, Great Boss Battles, Extremely Fun, RPG, Single Player, Educational, Open World, Inclusive Character Customization, Adventure",76.0,42.6
Kingdom Come: Deliverance,2020-02-13,2020,False,True,True,29.99,Prime Matter,"Action, Diverse Characters, RELAXING, Cloud Saves, Achievements, Challenging Combat, Windows, Controller Support, Realistic Visuals, Recommend this Game, Amazing Characters, Amazing Storytelling, Great Boss Battles, Extremely Fun, RPG, Single Player, Educational, Open World, Inclusive Character Customization, Adventure",76.0,42.6
Carcassonne,2020-02-06,2020,False,True,True,9.99,Asmodee Digital,"Casual, Multiplayer, Strategy, Windows",79.0,3.5
Ticket to Ride,2020-02-06,2020,False,True,True,9.99,TWIN SAILS INTERACTIVE,"Multiplayer, Party, Strategy, Windows",,0.71
Farming Simulator 19,2020-01-30,2020,False,True,True,19.99,Giants Software GmbH  ,"Simulation, Multiplayer, Single Player, Windows, OSX",73.0,113.38
The Bridge,2020-01-23,2020,False,True,True,9.99,The Quantum Astrophysicists Guild,"Puzzle, Single Player, Windows, Adventure, Controller Support",,3.46
Horace,2020-01-16,2020,False,True,True,14.99,505 Games,"Single Player, Windows, Adventure, Platformer, Indie",82.0,13.97
Sundered: Eldritch Edition,2020-01-09,2020,False,True,True,19.99,Thunder Lotus,"Action, Windows, OSX, Controller Support, Metroidvania, Indie",,11.99
Darksiders: Warmastered Edition,2020-01-01,2020,False,True,True,19.99,THQ Nordic,"Action, RPG, Windows, Adventure, Controller Support",77.0,17.07
Darksiders II: Deathinitive Edition,2020-01-01,2020,False,True,True,29.99,THQ Nordic,"Action, RPG, Windows, Adventure, Controller Support",72.0,19.83
Steep,2020-01-01,2020,False,True,False,,,,71.0,12.01
Yooka-Laylee and the Impossible Lair,2019-12-31,2019,False,True,True,29.99,Team17 Digital Ltd,"Single Player, Windows, Adventure, Controller Support, Platformer",82.0,12.99
Yooka-Laylee and the Impossible Lair,2019-12-31,2019,False,True,True,29.99,Team17 Digital Ltd,"Single Player, Windows, Adventure, Controller Support, Platformer",82.0,12.99
Hello Neighbor,2019-12-30,2019,False,True,True,29.99,tinyBuild,"Horror, RELAXING, Creative Community, Windows, Indie, Recommend this Game, Amazing Characters, Amazing Storytelling, Extremely Fun, Single Player, Stealth, Quickly Understand the Controls, Great for Beginners",38.0,8.18
The Talos Principle,2019-12-29,2019,False,True,True,29.99, Devolver Digital,"Action, Single Player, Windows, Adventure, Indie",85.0,15.66
Shadow Tactics: Blades of the Shogun,2019-12-28,2019,False,True,True,39.99,Daedalic Entertainment,"Turn-Based Strategy, RTS, Diverse Characters, RELAXING, Achievements, Creative Community, Challenging Combat, Windows, Recommend this Game, Amazing Characters, Amazing Storytelling, Extremely Fun, Single Player, Strategy, Stealth, Quickly Understand the Controls, Great for Beginners",85.0,24.91
Hyper Light Drifter,2019-12-27,2019,True,True,True,19.99,Heart Machine,"Action, Co-op, RPG, Single Player, Windows, Controller Support",84.0,7.75
FTL: Faster Than Light,2019-12-26,2019,False,True,True,9.99,Subset Games,"Space Sim, Diverse Characters, RELAXING, Creative Community, Challenging Combat, Rogue-Like, Windows, Unique Visuals, Recommend this Game, Amazing Characters, Amazing Storytelling, Extremely Fun, Single Player, Strategy, Quickly Understand the Controls, Mac OS",84.0,12.09
Totally Accurate Battle Simulator,2019-12-25,2019,False,True,True,19.99,Landfall Games,"Great for Quick Sessions, Diverse Characters, RELAXING, Cloud Saves, Creative Community, Windows, Simulation, Recommend this Game, Amazing Characters, Amazing Storytelling, Extremely Fun, Physics, Single Player, Strategy, Quickly Understand the Controls, Mac OS, Great for Beginners",,8.63
Celeste,2019-12-24,2019,True,True,True,19.99,Maddy Makes Games,"Action, RELAXING, Cloud Saves, Challenging Combat, Windows, Controller Support, Beautiful Visuals, Indie, Recommend this Game, Amazing Characters, Amazing Storytelling, Great Boss Battles, Extremely Fun, Single Player, Quickly Understand the Controls, Mac OS, Platformer",92.0,8.31
APE OUT,2019-12-23,2019,False,True,True,14.99,Devolver Digital,"Action, Windows, OSX, Controller Support, Indie",83.0,2.16
Little Inferno,2019-12-22,2019,False,True,True,14.99,Tomorrow Corporation,"Simulation, Puzzle, Single Player, Windows, OSX, Indie",79.0,3.37
SUPERHOT,2019-12-21,2019,False,True,True,24.99,SUPERHOT Team,"Action, Single Player, Shooter, Windows, Controller Support, Indie",82.0,2.39
TowerFall Ascension,2019-12-20,2019,False,True,True,19.99,Matt Makes Games,"Co-op, Multiplayer, Single Player, Windows, OSX, Controller Support",87.0,3.76
Into the Breach,2019-12-19,2019,False,True,True,14.99,Subset Games,"Single Player, Turn-Based, Strategy, Rogue-Lite, Windows",90.0,5.74
Into the Breach,2019-12-19,2019,False,True,True,14.99,Subset Games,"Single Player, Turn-Based, Strategy, Rogue-Lite, Windows",90.0,5.74
The Escapists,2019-12-12,2019,False,True,True,17.99,Team17 Digital Limited,"Action, Single Player, Strategy, Windows",74.0,19.43
The Wolf Among Us,2019-12-12,2019,False,True,True,14.99,Telltale,"Action, Single Player, Windows, Adventure",80.0,8.62
Jotun: Valhalla Edition,2019-12-05,2019,False,True,True,14.99,Thunder Lotus,"Action, Great Boss Battles, Windows, Adventure, Controller Support, Indie, Mac OS",84.0,5.16
Jotun: Valhalla Edition,2019-12-05,2019,False,True,True,14.99,Thunder Lotus,"Action, Great Boss Battles, Windows, Adventure, Controller Support, Indie, Mac OS",84.0,5.16
Rayman Legends,2019-11-29,2019,False,True,True,29.99,Ubisoft,"Action, Single Player, Windows, Adventure, Platformer",92.0,10.05
Bad North: Jotunn Edition,2019-11-21,2019,False,True,True,14.99,Raw Fury,"Action, Strategy, Rogue-Lite, Windows, Controller Support",84.0,
The Messenger,2019-11-14,2019,False,True,True,19.99,Devolver Digital,"Action, Single Player, Windows, Controller Support, Metroidvania, Platformer",86.0,12.03
Nuclear Throne,2019-11-07,2019,False,True,True,11.99, Vlambeer,"Action, Action RPG, RPG, Single Player, Rogue-Lite, Windows, Controller Support, Local Multiplayer",89.0,17.02
RUINER,2019-11-07,2019,False,True,True,19.99,Devolver Digital,"Action, Single Player, Shooter, Windows, Adventure",75.0,5.42
Costume Quest,2019-10-31,2019,False,True,True,9.99,Double Fine Productions,"RPG, Single Player, Windows, Adventure",77.0,5.55
SOMA,2019-10-31,2019,False,True,False,,,,84.0,9.08
Layers of Fear: Masterpiece Edition,2019-10-24,2019,False,True,True,22.99,Bloober Team SA,"Horror, Investigation, Single Player, Windows, OSX, Epic Savings, First Person, Mac OS",,3.43
Q.U.B.E. 2,2019-10-24,2019,False,True,True,24.99,Ten Hut Games,"Puzzle, Recommend this Game, RELAXING, Extremely Fun, Achievements, Challenging Combat, Single Player, Windows, Adventure, Controller Support, Quickly Understand the Controls, First Person",76.0,5.29
>observer_,2019-10-17,2019,False,True,True,29.99,"Aspyr Media, Inc.","Horror, Investigation, Single Player, Windows, OSX, First Person",78.0,6.93
Alan Wake's American Nightmare,2019-10-17,2019,False,True,True,8.99,Remedy Entertainment,"Action, Horror, Single Player, Shooter, Windows, Controller Support",76.0,3.63
Surviving Mars,2019-10-10,2019,False,True,True,29.99,Paradox Interactive,"Survival, Single Player, City Builder, Strategy, Windows, OSX, Controller Support",76.0,22.07
Surviving Mars,2019-10-10,2019,False,True,True,29.99,Paradox Interactive,"Survival, Single Player, City Builder, Strategy, Windows, OSX, Controller Support",76.0,22.07
Minit,2019-10-03,2019,False,True,False,,,,81.0,1.67
Everything,2019-09-26,2019,False,True,True,14.99,David OReilly,"Casual, Simulation, Single Player, Open World, Windows",80.0,2.97
Metro 2033 Redux,2019-09-26,2019,False,True,True,19.99,Deep Silver,"Action, Single Player, Shooter, Windows, First Person",90.0,9.05
Metro 2033 Redux,2019-09-26,2019,False,True,True,19.99,Deep Silver,"Action, Single Player, Shooter, Windows, First Person",90.0,9.05
Batman: Arkham Asylum Game of the Year Edition,2019-09-19,2019,False,True,True,19.99,Warner Bros.,"Action, Fighting, Single Player, Windows, Stealth",92.0,11.98
Batman: Arkham City - Game of the Year Edition,2019-09-19,2019,False,True,True,19.99,Warner Bros.,"Action, Fighting, Single Player, Windows, Stealth",,12.45
Batman: Arkham Knight,2019-09-19,2019,False,True,True,19.99,Warner Bros.,"Action, Fighting, Single Player, Windows, Stealth, Controller Support",87.0,17.03
LEGO Batman: The Videogame,2019-09-19,2019,False,True,True,19.99,Warner Bros.,"Action, Co-op, Single Player, Windows, Comedy, Adventure, Controller Support",76.0,9.95
LEGO Batman 2: DC Super Heroes,2019-09-19,2019,False,True,True,19.99,Warner Bros.,"Action, Co-op, Single Player, Open World, Windows, Adventure, Controller Support",79.0,8.97
LEGO Batman 3: Beyond Gotham,2019-09-19,2019,False,True,True,19.99,Warner Bros.,"Action, Co-op, Single Player, Open World, Windows, Adventure, Controller Support",73.0,10.2
Conarium,2019-09-12,2019,False,True,True,19.99,Iceberg Interactive,"Horror, Puzzle, Single Player, Windows, Controller Support, Indie",71.0,4.07
ABZÛ,2019-09-05,2019,False,True,True,19.99,505 Games,"Exploration, Single Player, Windows, Adventure, Controller Support",78.0,1.93
ABZÛ,2019-09-05,2019,False,True,True,19.99,505 Games,"Exploration, Single Player, Windows, Adventure, Controller Support",78.0,1.93
The End Is Nigh,2019-09-05,2019,False,True,True,14.99,"Edmund McMillen, Tyler Glaiel","Action, Single Player, Windows, Controller Support, Platformer, Indie",84.0,8.41
Celeste,2019-08-29,2019,False,True,True,19.99,Maddy Makes Games,"Action, RELAXING, Cloud Saves, Challenging Combat, Windows, Controller Support, Beautiful Visuals, Indie, Recommend this Game, Amazing Characters, Amazing Storytelling, Great Boss Battles, Extremely Fun, Single Player, Quickly Understand the Controls, Mac OS, Platformer",92.0,8.31
INSIDE,2019-08-29,2019,False,True,True,24.99,Playdead,"Puzzle, Single Player, Windows, Adventure, Controller Support, Indie",93.0,3.56
INSIDE,2019-08-29,2019,False,True,True,24.99,Playdead,"Puzzle, Single Player, Windows, Adventure, Controller Support, Indie",93.0,3.56
FEZ,2019-08-22,2019,False,True,False,,,,89.0,5.97
Hyper Light Drifter,2019-08-15,2019,False,True,True,19.99,Heart Machine,"Action, Co-op, RPG, Single Player, Windows, Controller Support",84.0,7.75
Mutant Year Zero: Road to Eden,2019-08-15,2019,False,True,True,34.99,Funcom,"RPG, Single Player, Turn-Based, Strategy, Windows",78.0,13.03
Mutant Year Zero: Road to Eden,2019-08-15,2019,False,True,True,34.99,Funcom,"RPG, Single Player, Turn-Based, Strategy, Windows",78.0,13.03
GNOG,2019-08-08,2019,False,True,True,9.99,Double Fine,"Casual, Puzzle, Single Player, Windows, VR, OSX, Controller Support, Indie",77.0,1.86
Alan Wake,2019-08-02,2019,False,True,True,14.99,Remedy Entertainment,"Action, Horror, Single Player, Shooter, Windows, Controller Support",83.0,11.17
For Honor - Standard Edition,2019-08-02,2019,False,True,True,29.99,Ubisoft Entertainment,"Action, Fighting, Multiplayer, Gift A Game, Single Player, Windows, Controller Support",78.0,
Moonlighter,2019-07-25,2019,False,True,True,19.99,11 Bit Studios,"RPG, Rogue-Like, Single Player, Windows, OSX, Adventure, Controller Support",81.0,14.07
This War of Mine,2019-07-25,2019,False,True,True,19.99,11 bit studios,"Horror, Survival, Single Player, Strategy, Windows, OSX, Controller Support",83.0,11.27
LIMBO,2019-07-18,2019,False,True,True,12.49,Playdead,"Puzzle, Cloud Saves, Single Player, Windows, Controller Support, Challenging Puzzles, Platformer, Indie",90.0,3.58
LIMBO,2019-07-18,2019,False,True,True,12.49,Playdead,"Puzzle, Cloud Saves, Single Player, Windows, Controller Support, Challenging Puzzles, Platformer, Indie",90.0,3.58
Torchlight,2019-07-11,2019,False,True,True,14.99,Arc Games,"Action, Dungeon Crawler, RPG, Single Player, Windows",81.0,14.2
Overcooked,2019-07-04,2019,False,True,True,16.99,team17,"Action, Co-op, Simulation, Single Player, Windows, Controller Support, Indie",78.0,7.75
Overcooked,2019-07-04,2019,False,True,True,16.99,team17,"Action, Co-op, Simulation, Single Player, Windows, Controller Support, Indie",78.0,7.75
Last Day of June,2019-06-27,2019,False,True,True,19.99,505 Games,"Single Player, Windows, Adventure, Indie",75.0,3.11
Rebel Galaxy,2019-06-20,2019,False,True,True,19.99,"Double Damage Games, Inc.","Space Sim, Great for Quick Sessions, RELAXING, Windows, Controller Support, Recommend this Game, Amazing Characters, Amazing Storytelling, Extremely Fun, RPG, Single Player, Open World, Quickly Understand the Controls, Great for Beginners",75.0,21.99
Rebel Galaxy,2019-06-20,2019,False,True,True,19.99,"Double Damage Games, Inc.","Space Sim, Great for Quick Sessions, RELAXING, Windows, Controller Support, Recommend this Game, Amazing Characters, Amazing Storytelling, Extremely Fun, RPG, Single Player, Open World, Quickly Understand the Controls, Great for Beginners",75.0,21.99
Enter the Gungeon,2019-06-13,2019,False,True,True,14.99,Devolver Digital,"Action, Diverse Characters, Cloud Saves, Challenging Combat, Windows, Controller Support, Indie, Recommend this Game, Amazing Characters, Amazing Storytelling, Great Boss Battles, Extremely Fun, Single Player, Rogue-Lite, Adventure, Quickly Understand the Controls, Mac OS",82.0,22.46
Enter the Gungeon,2019-06-13,2019,False,True,True,14.99,Devolver Digital,"Action, Diverse Characters, Cloud Saves, Challenging Combat, Windows, Controller Support, Indie, Recommend this Game, Amazing Characters, Amazing Storytelling, Great Boss Battles, Extremely Fun, Single Player, Rogue-Lite, Adventure, Quickly Understand the Controls, Mac OS",82.0,22.46
Kingdom: New Lands,2019-06-06,2019,False,True,True,14.99,Raw Fury,"Simulation, Survival, Single Player, Strategy, Windows, OSX, Controller Support",74.0,10.7
City of Brass,2019-05-30,2019,False,True,True,19.99,Uppercut Games,"Action, Single Player, Rogue-Lite, Windows, Controller Support, First Person",66.0,4.36
RiME,2019-05-23,2019,False,True,False,,,,80.0,5.73
Stories Untold,2019-05-16,2019,False,True,True,9.99,Devolver Digital,"Narration, Single Player, Windows, OSX, Adventure, First Person",81.0,2.75
World of Goo,2019-05-02,2019,False,True,True,14.99,2D Boy,"Puzzle, Single Player, Windows, OSX, Adventure, Indie",90.0,6.01
Transistor,2019-04-18,2019,False,True,True,19.99,Supergiant Games,"Action, Narration, RPG, Single Player, Windows, OSX, Controller Support",83.0,5.99
The Witness,2019-04-04,2019,False,True,True,39.99,"Thekla, Inc.","Windows, OSX, First Person, Beautiful Visuals, Puzzle, Recommend this Game, Extremely Fun, Single Player, Educational, Adventure, Quickly Understand the Controls, Challenging Puzzles, Mac OS",87.0,16.97
Oxenfree,2019-03-21,2019,False,True,True,9.99,Night School Studio,"Narration, Impact the Story, Cloud Saves, Single Player, Windows, OSX, Adventure, Controller Support, Mac OS, Indie",80.0,4.45
Slime Rancher,2019-03-07,2019,False,True,True,19.99,Monomi Park,"Diverse Characters, RELAXING, Exploration, Easy Combat, Windows, OSX, Controller Support, First Person, Recommend this Game, Amazing Characters, Amazing Storytelling, Extremely Fun, Single Player, Educational, Open World, Quickly Understand the Controls, Mac OS, Great for Beginners",81.0,14.59
Thimbleweed Park,2019-02-21,2019,False,True,True,19.99,"Terrible Toybox, Inc.","Puzzle, Single Player, Windows, OSX, Adventure, Controller Support, Challenging Puzzles, Indie, Mac OS",84.0,10.51
Axiom Verge,2019-02-07,2019,False,True,True,19.99,Thomas Happ Games LLC,"Action, Single Player, Windows, Controller Support, Metroidvania, Platformer",84.0,10.71
The Jackbox Party Pack,2019-01-24,2019,False,True,True,24.99,Jackbox Games,"Casual, Co-op, Party, Trivia, Windows, Mac OS, Local Multiplayer",78.0,3.4
What Remains of Edith Finch,2019-01-10,2019,False,True,True,19.99,Annapurna Interactive,"Puzzle, Narration, Single Player, Windows, Controller Support, First Person",88.0,2.12
Super Meat Boy,2018-12-28,2018,False,True,True,14.99,Team Meat,"Action, Single Player, Windows, Controller Support, Platformer",90.0,9.22
Subnautica,2018-12-14,2018,False,True,True,29.99,Unknown Worlds Entertainment,"Survival, Single Player, Open World, Windows, OSX, Adventure, Controller Support",87.0,29.89
